Day.1.Run,Day.1.RunName,Day.1.WIND_DIRECTION,Day.1.RELEASE_ALT,Day.1.RELEASE_MASS,Day.1.MASS_MEAN_DIAMETER,Day.1.Fatalities,Day.2.Run,Day.2.RunName,Day.2.WIND_DIRECTION,Day.2.RELEASE_ALT,Day.2.RELEASE_MASS,Day.2.MASS_MEAN_DIAMETER,Day.2.Fatalities,Day.3.Run,Day.3.RunName,Day.3.WIND_DIRECTION,Day.3.RELEASE_ALT,Day.3.RELEASE_MASS,Day.3.MASS_MEAN_DIAMETER,Day.3.Fatalities
2813,Run_2813,240,180,1000,8.00E-05,5,3354,Run_3354,280,80,1000,1.00E-04,10,1426,Run_1426,160,200,1600,6.00E-05,48
3424,Run_3424,280,120,1000,6.00E-05,10,3144,Run_3144,260,160,1200,1.00E-04,10,3703,Run_3703,300,40,2000,1.00E-05,48
3460,Run_3460,280,140,1000,6.00E-05,10,2742,Run_2742,240,140,1000,1.00E-04,9,1016,Run_1016,140,180,1200,2.00E-05,45
3534,Run_3534,280,180,1000,1.00E-04,4,3064,Run_3064,260,120,1000,6.00E-05,10,837,Run_837,140,80,1200,4.00E-05,47
2819,Run_2819,240,180,1200,8.00E-05,10,3566,Run_3566,280,200,1000,2.00E-05,4,1792,Run_1792,180,200,1800,6.00E-05,44
2670,Run_2670,240,100,1000,1.00E-04,10,2493,Run_2493,220,200,1200,4.00E-05,12,1933,Run_1933,200,80,1800,1.00E-05,46
3219,Run_3219,260,200,1400,4.00E-05,10,3604,Run_3604,300,0,1000,6.00E-05,14,3235,Run_3235,260,200,2000,1.00E-05,42
3064,Run_3064,260,120,1000,6.00E-05,10,3325,Run_3325,280,40,1400,1.00E-05,20,1891,Run_1891,200,40,1600,1.00E-05,42
3567,Run_3567,280,200,1000,4.00E-05,4,3628,Run_3628,300,0,1800,6.00E-05,19,1938,Run_1938,200,80,1800,1.00E-04,41
2812,Run_2812,240,180,1000,6.00E-05,8,364,Run_364,120,0,1000,6.00E-05,16,445,Run_445,120,40,1400,1.00E-05,43
3569,Run_3569,280,200,1000,8.00E-05,3,3355,Run_3355,280,80,1200,1.00E-05,16,2006,Run_2006,200,120,1800,2.00E-05,42
3928,Run_3928,300,200,1000,6.00E-05,9,2601,Run_2601,240,40,1200,4.00E-05,20,1790,Run_1790,180,200,1800,2.00E-05,45
2489,Run_2489,220,200,1000,8.00E-05,6,1447,Run_1447,180,0,1200,1.00E-05,18,1639,Run_1639,180,120,1600,1.00E-05,50
3101,Run_3101,260,140,1000,8.00E-05,10,3243,Run_3243,280,0,1000,4.00E-05,12,3723,Run_3723,300,80,1400,4.00E-05,42
2994,Run_2994,260,80,1000,1.00E-04,9,3330,Run_3330,280,40,1400,1.00E-04,20,2120,Run_2120,200,180,2000,2.00E-05,41
3177,Run_3177,260,180,1200,4.00E-05,10,2843,Run_2843,240,180,2000,8.00E-05,25,1570,Run_1570,180,80,1600,6.00E-05,50
2742,Run_2742,240,140,1000,1.00E-04,9,2326,Run_2326,220,100,1600,6.00E-05,28,1722,Run_1722,180,160,1800,1.00E-04,48
2862,Run_2862,240,200,1400,1.00E-04,10,388,Run_388,120,0,1800,6.00E-05,27,1536,Run_1536,180,40,1600,1.00E-04,47
2487,Run_2487,220,200,1000,4.00E-05,6,2978,Run_2978,260,40,1800,2.00E-05,26,1598,Run_1598,180,100,1400,2.00E-05,46
3178,Run_3178,260,180,1200,6.00E-05,9,2188,Run_2188,220,0,1800,6.00E-05,22,1763,Run_1763,180,180,2000,8.00E-05,48
3218,Run_3218,260,200,1400,2.00E-05,10,2982,Run_2982,260,40,1800,1.00E-04,25,1383,Run_1383,160,180,1400,4.00E-05,47
2851,Run_2851,240,200,1200,1.00E-05,8,1553,Run_1553,180,80,1000,8.00E-05,28,3095,Run_3095,260,120,2000,8.00E-05,43
3535,Run_3535,280,180,1200,1.00E-05,10,2277,Run_2277,220,80,1200,4.00E-05,23,1972,Run_1972,200,100,1800,6.00E-05,42
2775,Run_2775,240,160,1000,4.00E-05,9,1841,Run_1841,200,20,1000,8.00E-05,24,1195,Run_1195,160,80,1200,1.00E-05,45
3537,Run_3537,280,180,1200,4.00E-05,10,2764,Run_2764,240,140,1800,6.00E-05,26,805,Run_805,140,40,1400,1.00E-05,46
3390,Run_3390,280,100,1000,1.00E-04,8,3513,Run_3513,280,160,1600,4.00E-05,30,1650,Run_1650,180,120,1800,1.00E-04,48
2850,Run_2850,240,200,1000,1.00E-04,3,2556,Run_2556,240,0,2000,1.00E-04,21,479,Run_479,120,80,1200,8.00E-05,43
3457,Run_3457,280,140,1000,1.00E-05,10,2368,Run_2368,220,120,1800,6.00E-05,30,1613,Run_1613,180,100,1800,8.00E-05,50
3574,Run_3574,280,200,1200,6.00E-05,8,3592,Run_3592,280,200,1800,6.00E-05,28,1614,Run_1614,180,100,1800,1.00E-04,48
2706,Run_2706,240,120,1000,1.00E-04,10,3346,Run_3346,280,40,2000,6.00E-05,27,3130,Run_3130,260,140,2000,6.00E-05,48
2495,Run_2495,220,200,1200,8.00E-05,10,2242,Run_2242,220,40,1200,6.00E-05,26,3698,Run_3698,300,40,1800,2.00E-05,41
3539,Run_3539,280,180,1200,8.00E-05,8,2611,Run_2611,240,40,1600,1.00E-05,26,902,Run_902,140,120,1000,2.00E-05,42
2846,Run_2846,240,200,1000,2.00E-05,4,1121,Run_1121,160,20,1000,8.00E-05,24,1239,Run_1239,160,100,1400,4.00E-05,50
3576,Run_3576,280,200,1200,1.00E-04,6,3196,Run_3196,260,180,1800,6.00E-05,28,3131,Run_3131,260,140,2000,8.00E-05,44
2852,Run_2852,240,200,1200,2.00E-05,8,1106,Run_1106,160,0,1800,2.00E-05,25,1384,Run_1384,160,180,1400,6.00E-05,46
3354,Run_3354,280,80,1000,1.00E-04,10,797,Run_797,140,40,1000,8.00E-05,32,1905,Run_1905,200,40,2000,4.00E-05,48
3211,Run_3211,260,200,1200,1.00E-05,7,2031,Run_2031,200,140,1400,4.00E-05,37,455,Run_455,120,40,1600,8.00E-05,46
3570,Run_3570,280,200,1000,1.00E-04,3,1010,Run_1010,140,180,1000,2.00E-05,32,1248,Run_1248,160,100,1600,1.00E-04,49
3496,Run_3496,280,160,1000,6.00E-05,8,1419,Run_1419,160,200,1400,4.00E-05,40,2005,Run_2005,200,120,1800,1.00E-05,42
3173,Run_3173,260,180,1000,8.00E-05,6,3157,Run_3157,260,160,1800,1.00E-05,34,835,Run_835,140,80,1200,1.00E-05,46
3529,Run_3529,280,180,1000,1.00E-05,6,3240,Run_3240,260,200,2000,1.00E-04,38,1898,Run_1898,200,40,1800,2.00E-05,46
3494,Run_3494,280,160,1000,2.00E-05,8,1924,Run_1924,200,80,1400,6.00E-05,38,109,Run_109,100,80,1000,1.00E-05,48
3389,Run_3389,280,100,1000,8.00E-05,9,1917,Run_1917,200,80,1200,4.00E-05,34,1908,Run_1908,200,40,2000,1.00E-04,46
3066,Run_3066,260,120,1000,1.00E-04,9,904,Run_904,140,120,1000,6.00E-05,40,3236,Run_3236,260,200,2000,2.00E-05,44
3171,Run_3171,260,180,1000,4.00E-05,6,1333,Run_1333,160,160,1000,1.00E-05,36,1725,Run_1725,180,160,2000,4.00E-05,54
2486,Run_2486,220,200,1000,2.00E-05,6,3702,Run_3702,300,40,1800,1.00E-04,36,1568,Run_1568,180,80,1600,2.00E-05,52
3462,Run_3462,280,140,1000,1.00E-04,8,3477,Run_3477,280,140,1600,4.00E-05,34,1317,Run_1317,160,140,1600,4.00E-05,58
3170,Run_3170,260,180,1000,2.00E-05,6,1915,Run_1915,200,80,1200,1.00E-05,34,944,Run_944,140,140,1200,2.00E-05,56
2453,Run_2453,220,180,1000,8.00E-05,8,2253,Run_2253,220,40,1600,4.00E-05,32,3128,Run_3128,260,140,2000,2.00E-05,51
3575,Run_3575,280,200,1200,8.00E-05,7,2267,Run_2267,220,40,2000,8.00E-05,36,1762,Run_1762,180,180,2000,6.00E-05,52
3210,Run_3210,260,200,1000,1.00E-04,4,1154,Run_1154,160,40,1000,2.00E-05,32,907,Run_907,140,120,1200,1.00E-05,59
3136,Run_3136,260,160,1000,6.00E-05,8,1952,Run_1952,200,100,1200,2.00E-05,36,872,Run_872,140,100,1200,2.00E-05,56
2811,Run_2811,240,180,1000,4.00E-05,8,1858,Run_1858,200,20,1600,6.00E-05,31,3865,Run_3865,300,160,1400,1.00E-05,60
3540,Run_3540,280,180,1200,1.00E-04,8,1967,Run_1967,200,100,1600,8.00E-05,38,1290,Run_1290,160,120,1800,1.00E-04,54
3497,Run_3497,280,160,1000,8.00E-05,7,2373,Run_2373,220,120,2000,4.00E-05,34,1723,Run_1723,180,160,2000,1.00E-05,54
3571,Run_3571,280,200,1200,1.00E-05,7,1888,Run_1888,200,40,1400,6.00E-05,38,841,Run_841,140,80,1400,1.00E-05,60
2774,Run_2774,240,160,1000,2.00E-05,10,1137,Run_1137,160,20,1600,4.00E-05,34,982,Run_982,140,160,1200,6.00E-05,53
3498,Run_3498,280,160,1000,1.00E-04,6,652,Run_652,120,180,1000,6.00E-05,39,3796,Run_3796,300,120,1400,6.00E-05,56
2496,Run_2496,220,200,1200,1.00E-04,10,1503,Run_1503,180,20,1800,4.00E-05,38,1610,Run_1610,180,100,1800,2.00E-05,53
3353,Run_3353,280,80,1000,8.00E-05,10,2266,Run_2266,220,40,2000,6.00E-05,36,1439,Run_1439,160,200,2000,8.00E-05,55
2848,Run_2848,240,200,1000,6.00E-05,4,431,Run_431,120,20,2000,8.00E-05,40,1180,Run_1180,160,40,1800,6.00E-05,58
2485,Run_2485,220,200,1000,1.00E-05,6,781,Run_781,140,20,1800,1.00E-05,38,1440,Run_1440,160,200,2000,1.00E-04,53
3175,Run_3175,260,180,1200,1.00E-05,10,1190,Run_1190,160,80,1000,2.00E-05,36,3870,Run_3870,300,160,1400,1.00E-04,54
3174,Run_3174,260,180,1000,1.00E-04,5,1265,Run_1265,160,120,1000,8.00E-05,38,1615,Run_1615,180,100,2000,1.00E-05,56
3566,Run_3566,280,200,1000,2.00E-05,4,1868,Run_1868,200,20,2000,2.00E-05,38,3834,Run_3834,300,140,1400,1.00E-04,54
3030,Run_3030,260,100,1000,1.00E-04,8,2010,Run_2010,200,120,1800,1.00E-04,39,1208,Run_1208,160,80,1600,2.00E-05,57
3221,Run_3221,260,200,1400,8.00E-05,10,1954,Run_1954,200,100,1200,6.00E-05,33,1360,Run_1360,160,160,1800,6.00E-05,60
3102,Run_3102,260,140,1000,1.00E-04,8,1523,Run_1523,180,40,1200,8.00E-05,36,1286,Run_1286,160,120,1800,2.00E-05,60
3135,Run_3135,260,160,1000,4.00E-05,8,1884,Run_1884,200,40,1200,1.00E-04,32,1285,Run_1285,160,120,1800,1.00E-05,60
3144,Run_3144,260,160,1200,1.00E-04,10,1704,Run_1704,180,160,1200,1.00E-04,35,1719,Run_1719,180,160,1800,4.00E-05,52
2809,Run_2809,240,180,1000,1.00E-05,7,1869,Run_1869,200,20,2000,4.00E-05,38,1326,Run_1326,160,140,1800,1.00E-04,56
3222,Run_3222,260,200,1400,1.00E-04,10,2066,Run_2066,200,160,1400,2.00E-05,35,1352,Run_1352,160,160,1600,2.00E-05,56
3536,Run_3536,280,180,1200,2.00E-05,10,1863,Run_1863,200,20,1800,4.00E-05,34,1437,Run_1437,160,200,2000,4.00E-05,59
3098,Run_3098,260,140,1000,2.00E-05,10,3441,Run_3441,280,120,1600,4.00E-05,32,478,Run_478,120,80,1200,6.00E-05,58
3028,Run_3028,260,100,1000,6.00E-05,10,2323,Run_2323,220,100,1600,1.00E-05,31,3200,Run_3200,260,180,2000,2.00E-05,52
2490,Run_2490,220,200,1000,1.00E-04,5,1009,Run_1009,140,180,1000,1.00E-05,32,1681,Run_1681,180,140,1800,1.00E-05,52
3214,Run_3214,260,200,1200,6.00E-05,7,2407,Run_2407,220,140,2000,1.00E-05,34,91,Run_91,100,40,1600,1.00E-05,54
3572,Run_3572,280,200,1200,2.00E-05,8,2695,Run_2695,240,100,2000,1.00E-05,31,1211,Run_1211,160,80,1600,8.00E-05,52
2849,Run_2849,240,200,1000,8.00E-05,4,1522,Run_1522,180,40,1200,6.00E-05,36,1059,Run_1059,140,200,1400,4.00E-05,54
3530,Run_3530,280,180,1000,2.00E-05,6,1860,Run_1860,200,20,1600,1.00E-04,32,1616,Run_1616,180,100,2000,2.00E-05,56
2634,Run_2634,240,80,1000,1.00E-04,10,1502,Run_1502,180,20,1800,2.00E-05,39,874,Run_874,140,100,1200,6.00E-05,52
3212,Run_3212,260,200,1200,2.00E-05,7,2768,Run_2768,240,140,2000,2.00E-05,32,505,Run_505,120,100,1000,1.00E-05,52
2776,Run_2776,240,160,1000,6.00E-05,8,830,Run_830,140,80,1000,2.00E-05,37,1543,Run_1543,180,40,2000,1.00E-05,60
3532,Run_3532,280,180,1000,6.00E-05,6,1745,Run_1745,180,180,1400,8.00E-05,39,458,Run_458,120,40,1800,2.00E-05,58
2993,Run_2993,260,80,1000,8.00E-05,10,2252,Run_2252,220,40,1600,2.00E-05,32,1687,Run_1687,180,140,2000,1.00E-05,54
3531,Run_3531,280,180,1000,4.00E-05,6,2263,Run_2263,220,40,2000,1.00E-05,38,979,Run_979,140,160,1200,1.00E-05,53
3137,Run_3137,260,160,1000,8.00E-05,8,2303,Run_2303,220,80,2000,8.00E-05,34,1545,Run_1545,180,40,2000,4.00E-05,60
2854,Run_2854,240,200,1200,6.00E-05,8,79,Run_79,100,40,1200,1.00E-05,37,1609,Run_1609,180,100,1800,1.00E-05,52
2820,Run_2820,240,180,1200,1.00E-04,10,1498,Run_1498,180,20,1600,6.00E-05,34,1060,Run_1060,140,200,1400,6.00E-05,52
3176,Run_3176,260,180,1200,2.00E-05,10,1601,Run_1601,180,100,1400,8.00E-05,40,1243,Run_1243,160,100,1600,1.00E-05,58
3206,Run_3206,260,200,1000,2.00E-05,4,1957,Run_1957,200,100,1400,1.00E-05,38,1653,Run_1653,180,120,2000,4.00E-05,55
3425,Run_3425,280,120,1000,8.00E-05,10,1144,Run_1144,160,20,1800,6.00E-05,38,3456,Run_3456,280,120,2000,1.00E-04,56
3929,Run_3929,300,200,1000,8.00E-05,8,80,Run_80,100,40,1200,2.00E-05,37,1726,Run_1726,180,160,2000,6.00E-05,54
3426,Run_3426,280,120,1000,1.00E-04,9,3384,Run_3384,280,80,2000,1.00E-04,31,1355,Run_1355,160,160,1600,8.00E-05,54
3568,Run_3568,280,200,1000,6.00E-05,4,1992,Run_1992,200,120,1200,1.00E-04,32,1260,Run_1260,160,100,2000,1.00E-04,56
3926,Run_3926,300,200,1000,2.00E-05,8,1887,Run_1887,200,40,1400,4.00E-05,38,1345,Run_1345,160,160,1400,1.00E-05,51
2810,Run_2810,240,180,1000,2.00E-05,8,1490,Run_1490,180,20,1400,2.00E-05,31,1654,Run_1654,180,120,2000,6.00E-05,54
3100,Run_3100,260,140,1000,6.00E-05,10,906,Run_906,140,120,1000,1.00E-04,37,1537,Run_1537,180,40,1800,1.00E-05,56
2488,Run_2488,220,200,1000,6.00E-05,6,3412,Run_3412,280,100,1800,6.00E-05,32,457,Run_457,120,40,1800,1.00E-05,58
3065,Run_3065,260,120,1000,8.00E-05,10,3375,Run_3375,280,80,1800,4.00E-05,32,912,Run_912,140,120,1200,1.00E-04,52
3152,Run_3152,260,160,1600,2.00E-05,20,769,Run_769,140,20,1400,1.00E-05,32,94,Run_94,100,40,1600,6.00E-05,52
2935,Run_2935,260,20,1600,1.00E-05,20,1931,Run_1931,200,80,1600,8.00E-05,40,1583,Run_1583,180,80,2000,8.00E-05,54
3190,Run_3190,260,180,1600,6.00E-05,17,1504,Run_1504,180,20,1800,6.00E-05,38,1603,Run_1603,180,100,1600,1.00E-05,52
730,Run_730,140,0,1200,6.00E-05,19,2118,Run_2118,200,180,1800,1.00E-04,36,1332,Run_1332,160,140,2000,1.00E-04,60
3297,Run_3297,280,20,1600,4.00E-05,20,3382,Run_3382,280,80,2000,6.00E-05,35,1250,Run_1250,160,100,1800,2.00E-05,60
2961,Run_2961,260,40,1200,4.00E-05,20,2071,Run_2071,200,160,1600,1.00E-05,40,1362,Run_1362,160,160,1800,1.00E-04,56
2955,Run_2955,260,40,1000,4.00E-05,17,1659,Run_1659,180,140,1000,4.00E-05,36,1309,Run_1309,160,140,1400,1.00E-05,52
3189,Run_3189,260,180,1600,4.00E-05,18,1700,Run_1700,180,160,1200,2.00E-05,40,1617,Run_1617,180,100,2000,4.00E-05,55
365,Run_365,120,0,1000,8.00E-05,16,1160,Run_1160,160,40,1200,2.00E-05,38,820,Run_820,140,40,1800,6.00E-05,58
1815,Run_1815,200,0,1400,4.00E-05,20,2032,Run_2032,200,140,1400,6.00E-05,36,1361,Run_1361,160,160,1800,8.00E-05,58
2682,Run_2682,240,100,1400,1.00E-04,16,3450,Run_3450,280,120,1800,1.00E-04,31,1245,Run_1245,160,100,1600,4.00E-05,56
2270,Run_2270,220,80,1000,2.00E-05,19,776,Run_776,140,20,1600,2.00E-05,34,1435,Run_1435,160,200,2000,1.00E-05,60
3076,Run_3076,260,120,1400,6.00E-05,18,1866,Run_1866,200,20,1800,1.00E-04,34,1581,Run_1581,180,80,2000,4.00E-05,59
2602,Run_2602,240,40,1200,6.00E-05,20,2480,Run_2480,220,180,2000,2.00E-05,31,1432,Run_1432,160,200,1800,6.00E-05,51
6,Run_6,100,0,1000,1.00E-04,16,2411,Run_2411,220,140,2000,8.00E-05,32,1404,Run_1404,160,180,2000,1.00E-04,58
2998,Run_2998,260,80,1200,6.00E-05,14,2265,Run_2265,220,40,2000,4.00E-05,38,3492,Run_3492,280,140,2000,1.00E-04,58
3156,Run_3156,260,160,1600,1.00E-04,16,942,Run_942,140,140,1000,1.00E-04,37,1582,Run_1582,180,80,2000,6.00E-05,56
3120,Run_3120,260,140,1600,1.00E-04,17,2731,Run_2731,240,120,2000,1.00E-05,32,1319,Run_1319,160,140,1600,8.00E-05,55
3318,Run_3318,280,40,1000,1.00E-04,17,84,Run_84,100,40,1200,1.00E-04,36,1655,Run_1655,180,120,2000,8.00E-05,52
3250,Run_3250,280,0,1200,6.00E-05,14,2410,Run_2410,220,140,2000,6.00E-05,33,1547,Run_1547,180,40,2000,8.00E-05,58
2449,Run_2449,220,180,1000,1.00E-05,12,1163,Run_1163,160,40,1200,8.00E-05,36,3737,Run_3737,300,80,1800,8.00E-05,56
3038,Run_3038,260,100,1400,2.00E-05,18,3442,Run_3442,280,120,1600,6.00E-05,31,947,Run_947,140,140,1200,8.00E-05,54
3579,Run_3579,280,200,1400,4.00E-05,14,1922,Run_1922,200,80,1400,2.00E-05,40,1284,Run_1284,160,120,1600,1.00E-04,52
2999,Run_2999,260,80,1200,8.00E-05,12,2102,Run_2102,200,180,1400,2.00E-05,32,1188,Run_1188,160,40,2000,1.00E-04,60
2959,Run_2959,260,40,1200,1.00E-05,19,3726,Run_3726,300,80,1400,1.00E-04,31,1254,Run_1254,160,100,1800,1.00E-04,54
2894,Run_2894,260,0,1400,2.00E-05,14,2444,Run_2444,220,160,2000,2.00E-05,32,1318,Run_1318,160,140,1600,6.00E-05,57
2269,Run_2269,220,80,1000,1.00E-05,19,3761,Run_3761,300,100,1400,8.00E-05,40,1275,Run_1275,160,120,1400,4.00E-05,51
2541,Run_2541,240,0,1600,4.00E-05,18,2144,Run_2144,200,200,1600,2.00E-05,33,1394,Run_1394,160,180,1800,2.00E-05,59
2173,Run_2173,220,0,1400,1.00E-05,18,1622,Run_1622,180,120,1000,2.00E-05,36,452,Run_452,120,40,1600,2.00E-05,51
3072,Run_3072,260,120,1200,1.00E-04,12,3725,Run_3725,300,80,1400,8.00E-05,36,1061,Run_1061,140,200,1400,8.00E-05,55
2466,Run_2466,220,180,1400,1.00E-04,19,3941,Run_3941,300,200,1400,8.00E-05,40,980,Run_980,140,160,1200,2.00E-05,54
3615,Run_3615,300,0,1400,4.00E-05,16,417,Run_417,120,20,1600,4.00E-05,33,1289,Run_1289,160,120,1800,8.00E-05,56
3624,Run_3624,300,0,1600,1.00E-04,18,1889,Run_1889,200,40,1400,8.00E-05,36,1727,Run_1727,180,160,2000,8.00E-05,51
2702,Run_2702,240,120,1000,2.00E-05,14,3863,Run_3863,300,160,1200,8.00E-05,36,1247,Run_1247,160,100,1600,8.00E-05,51
2779,Run_2779,240,160,1200,1.00E-05,14,1012,Run_1012,140,180,1000,6.00E-05,32,3794,Run_3794,300,120,1400,2.00E-05,60
2164,Run_2164,220,0,1000,6.00E-05,16,1961,Run_1961,200,100,1400,8.00E-05,34,1187,Run_1187,160,40,2000,8.00E-05,60
2645,Run_2645,240,80,1400,8.00E-05,19,3121,Run_3121,260,140,1800,1.00E-05,33,3793,Run_3793,300,120,1400,1.00E-05,56
2527,Run_2527,240,0,1200,1.00E-05,14,2437,Run_2437,220,160,1800,1.00E-05,31,3868,Run_3868,300,160,1400,6.00E-05,56
3501,Run_3501,280,160,1200,4.00E-05,14,2072,Run_2072,200,160,1600,2.00E-05,38,818,Run_818,140,40,1800,2.00E-05,60
2563,Run_2563,240,20,1200,1.00E-05,18,326,Run_326,100,200,1000,2.00E-05,32,1202,Run_1202,160,80,1400,2.00E-05,53
3111,Run_3111,260,140,1400,4.00E-05,18,2034,Run_2034,200,140,1400,1.00E-04,34,1259,Run_1259,160,100,2000,8.00E-05,58
2919,Run_2919,260,20,1000,4.00E-05,16,2146,Run_2146,200,200,1600,6.00E-05,32,1315,Run_1315,160,140,1600,1.00E-05,58
2884,Run_2884,260,0,1000,6.00E-05,12,1515,Run_1515,180,40,1000,4.00E-05,32,1181,Run_1181,160,40,1800,8.00E-05,56
2554,Run_2554,240,0,2000,6.00E-05,20,3940,Run_3940,300,200,1400,6.00E-05,38,1312,Run_1312,160,140,1400,6.00E-05,51
3330,Run_3330,280,40,1400,1.00E-04,20,2040,Run_2040,200,140,1600,1.00E-04,36,1057,Run_1057,140,200,1400,1.00E-05,56
3249,Run_3249,280,0,1200,4.00E-05,14,1632,Run_1632,180,120,1200,1.00E-04,38,3902,Run_3902,300,180,1400,2.00E-05,52
3118,Run_3118,260,140,1600,6.00E-05,20,941,Run_941,140,140,1000,8.00E-05,40,909,Run_909,140,120,1200,4.00E-05,59
2170,Run_2170,220,0,1200,6.00E-05,17,839,Run_839,140,80,1200,8.00E-05,40,1684,Run_1684,180,140,1800,6.00E-05,51
2997,Run_2997,260,80,1200,4.00E-05,15,2155,Run_2155,200,200,2000,1.00E-05,38,3833,Run_3833,300,140,1400,8.00E-05,58
3254,Run_3254,280,0,1400,2.00E-05,14,3161,Run_3161,260,160,1800,8.00E-05,31,1618,Run_1618,180,100,2000,6.00E-05,52
12,Run_12,100,0,1200,1.00E-04,20,2070,Run_2070,200,160,1400,1.00E-04,32,910,Run_910,140,120,1200,6.00E-05,57
1405,Run_1405,160,200,1000,1.00E-05,18,1155,Run_1155,160,40,1000,4.00E-05,32,110,Run_110,100,80,1000,2.00E-05,59
3610,Run_3610,300,0,1200,6.00E-05,15,1960,Run_1960,200,100,1400,6.00E-05,35,3831,Run_3831,300,140,1400,4.00E-05,60
3034,Run_3034,260,100,1200,6.00E-05,14,3449,Run_3449,280,120,1800,8.00E-05,37,1323,Run_1323,160,140,1800,4.00E-05,60
2669,Run_2669,240,100,1000,8.00E-05,11,1998,Run_1998,200,120,1400,1.00E-04,34,1683,Run_1683,180,140,1800,4.00E-05,52
2921,Run_2921,260,20,1000,8.00E-05,16,2251,Run_2251,220,40,1600,1.00E-05,32,111,Run_111,100,80,1000,4.00E-05,52
3427,Run_3427,280,120,1200,1.00E-05,18,1895,Run_1895,200,40,1600,8.00E-05,40,1431,Run_1431,160,200,1800,4.00E-05,52
3256,Run_3256,280,0,1400,6.00E-05,16,1625,Run_1625,180,120,1000,8.00E-05,34,1179,Run_1179,160,40,1800,4.00E-05,58
2857,Run_2857,240,200,1400,1.00E-05,14,2026,Run_2026,200,140,1200,6.00E-05,33,1217,Run_1217,160,80,1800,8.00E-05,58
2540,Run_2540,240,0,1600,2.00E-05,17,1872,Run_1872,200,20,2000,1.00E-04,38,1580,Run_1580,180,80,2000,2.00E-05,60
3143,Run_3143,260,160,1200,8.00E-05,11,2029,Run_2029,200,140,1400,1.00E-05,38,911,Run_911,140,120,1200,8.00E-05,54
735,Run_735,140,0,1400,4.00E-05,20,3511,Run_3511,280,160,1600,1.00E-05,32,1574,Run_1574,180,80,1800,2.00E-05,56
3893,Run_3893,300,180,1000,8.00E-05,14,2087,Run_2087,200,160,2000,8.00E-05,40,1281,Run_1281,160,120,1600,4.00E-05,57
2499,Run_2499,220,200,1400,4.00E-05,18,1139,Run_1139,160,20,1600,8.00E-05,34,1324,Run_1324,160,140,1800,6.00E-05,60
2565,Run_2565,240,20,1200,4.00E-05,18,1953,Run_1953,200,100,1200,4.00E-05,35,945,Run_945,140,140,1200,4.00E-05,59
3619,Run_3619,300,0,1600,1.00E-05,16,3701,Run_3701,300,40,1800,8.00E-05,38,1201,Run_1201,160,80,1400,1.00E-05,53
3387,Run_3387,280,100,1000,4.00E-05,12,1871,Run_1871,200,20,2000,8.00E-05,38,1540,Run_1540,180,40,1800,6.00E-05,53
2179,Run_2179,220,0,1600,1.00E-05,18,1991,Run_1991,200,120,1200,8.00E-05,32,1389,Run_1389,160,180,1600,4.00E-05,54
2465,Run_2465,220,180,1400,8.00E-05,20,1552,Run_1552,180,80,1000,6.00E-05,32,1546,Run_1546,180,40,2000,6.00E-05,58
3394,Run_3394,280,100,1200,6.00E-05,15,2660,Run_2660,240,80,2000,2.00E-05,32,3795,Run_3795,300,120,1400,4.00E-05,58
724,Run_724,140,0,1000,6.00E-05,16,1501,Run_1501,180,20,1800,1.00E-05,39,1316,Run_1316,160,140,1600,2.00E-05,58
3283,Run_3283,280,20,1200,1.00E-05,17,2158,Run_2158,200,200,2000,6.00E-05,38,948,Run_948,140,140,1200,1.00E-04,52
3749,Run_3749,300,100,1000,8.00E-05,20,3792,Run_3792,300,120,1200,1.00E-04,36,843,Run_843,140,80,1400,4.00E-05,60
2180,Run_2180,220,0,1600,2.00E-05,19,2003,Run_2003,200,120,1600,8.00E-05,38,1216,Run_1216,160,80,1800,6.00E-05,60
2595,Run_2595,240,40,1000,4.00E-05,18,422,Run_422,120,20,1800,2.00E-05,38,460,Run_460,120,40,1800,6.00E-05,54
2342,Run_2342,220,120,1000,2.00E-05,18,3695,Run_3695,300,40,1600,8.00E-05,32,3947,Run_3947,300,200,1600,8.00E-05,60
3259,Run_3259,280,0,1600,1.00E-05,16,3486,Run_3486,280,140,1800,1.00E-04,38,1174,Run_1174,160,40,1600,6.00E-05,51
13,Run_13,100,0,1400,1.00E-05,20,974,Run_974,140,160,1000,2.00E-05,38,821,Run_821,140,40,1800,8.00E-05,56
3277,Run_3277,280,20,1000,1.00E-05,16,1916,Run_1916,200,80,1200,2.00E-05,34,1538,Run_1538,180,40,1800,2.00E-05,56
2901,Run_2901,260,0,1600,4.00E-05,16,1513,Run_1513,180,40,1000,1.00E-05,32,1397,Run_1397,160,180,1800,8.00E-05,56
2416,Run_2416,220,160,1000,6.00E-05,13,1229,Run_1229,160,100,1000,8.00E-05,33,507,Run_507,120,100,1000,4.00E-05,53
2178,Run_2178,220,0,1400,1.00E-04,20,2268,Run_2268,220,40,2000,1.00E-04,36,812,Run_812,140,40,1600,2.00E-05,53
3247,Run_3247,280,0,1200,1.00E-05,14,2109,Run_2109,200,180,1600,4.00E-05,37,3201,Run_3201,260,180,2000,4.00E-05,51
2452,Run_2452,220,180,1000,6.00E-05,11,3861,Run_3861,300,160,1200,4.00E-05,36,1062,Run_1062,140,200,1400,1.00E-04,51
2939,Run_2939,260,20,1600,8.00E-05,20,49,Run_49,100,20,1400,1.00E-05,31,101,Run_101,100,40,1800,8.00E-05,60
2310,Run_2310,220,100,1000,1.00E-04,14,1692,Run_1692,180,140,2000,1.00E-04,50,1548,Run_1548,180,40,2000,1.00E-04,56
2603,Run_2603,240,40,1200,8.00E-05,20,1897,Run_1897,200,40,1800,1.00E-05,46,3166,Run_3166,260,160,2000,6.00E-05,54
371,Run_371,120,0,1200,8.00E-05,19,1165,Run_1165,160,40,1400,1.00E-05,47,1209,Run_1209,160,80,1600,4.00E-05,56
3268,Run_3268,280,0,1800,6.00E-05,18,1557,Run_1557,180,80,1200,4.00E-05,42,462,Run_462,120,40,1800,1.00E-04,51
2940,Run_2940,260,20,1600,1.00E-04,20,2005,Run_2005,200,120,1800,1.00E-05,42,1645,Run_1645,180,120,1800,1.00E-05,52
3252,Run_3252,280,0,1200,1.00E-04,15,1536,Run_1536,180,40,1600,1.00E-04,47,1390,Run_1390,160,180,1600,6.00E-05,52
3185,Run_3185,260,180,1400,8.00E-05,12,1608,Run_1608,180,100,1600,1.00E-04,44,1430,Run_1430,160,200,1800,2.00E-05,54
2166,Run_2166,220,0,1000,1.00E-04,16,1598,Run_1598,180,100,1400,2.00E-05,46,1210,Run_1210,160,80,1600,6.00E-05,54
2169,Run_2169,220,0,1200,4.00E-05,17,1176,Run_1176,160,40,1600,1.00E-04,49,871,Run_871,140,100,1200,1.00E-05,54
3391,Run_3391,280,100,1200,1.00E-05,16,1151,Run_1151,160,20,2000,8.00E-05,42,881,Run_881,140,100,1400,8.00E-05,58
3026,Run_3026,260,100,1000,2.00E-05,12,1937,Run_1937,200,80,1800,8.00E-05,43,1171,Run_1171,160,40,1600,1.00E-05,54
2498,Run_2498,220,200,1400,2.00E-05,18,1977,Run_1977,200,100,2000,4.00E-05,45,819,Run_819,140,40,1800,4.00E-05,58
2953,Run_2953,260,40,1000,1.00E-05,17,1507,Run_1507,180,20,2000,1.00E-05,44,1288,Run_1288,160,120,1800,6.00E-05,58
2552,Run_2552,240,0,2000,2.00E-05,18,1902,Run_1902,200,40,1800,1.00E-04,42,1619,Run_1619,180,100,2000,8.00E-05,51
3399,Run_3399,280,100,1400,4.00E-05,20,1784,Run_1784,180,200,1600,2.00E-05,42,102,Run_102,100,40,1800,1.00E-04,55
369,Run_369,120,0,1200,4.00E-05,18,1198,Run_1198,160,80,1200,6.00E-05,43,3866,Run_3866,300,160,1400,2.00E-05,58
3053,Run_3053,260,100,1800,8.00E-05,20,2048,Run_2048,200,140,2000,2.00E-05,44,1354,Run_1354,160,160,1600,6.00E-05,55
3155,Run_3155,260,160,1600,8.00E-05,18,3708,Run_3708,300,40,2000,1.00E-04,42,1203,Run_1203,160,80,1400,4.00E-05,52
687,Run_687,120,200,1000,4.00E-05,20,1714,Run_1714,180,160,1600,6.00E-05,48,1438,Run_1438,160,200,2000,6.00E-05,59
2492,Run_2492,220,200,1200,2.00E-05,12,1656,Run_1656,180,120,2000,1.00E-04,50,1682,Run_1682,180,140,1800,2.00E-05,52
1094,Run_1094,160,0,1400,2.00E-05,20,3482,Run_3482,280,140,1800,2.00E-05,47,1652,Run_1652,180,120,2000,2.00E-05,56
3011,Run_3011,260,80,1600,8.00E-05,18,1758,Run_1758,180,180,1800,1.00E-04,44,844,Run_844,140,80,1400,6.00E-05,56
3423,Run_3423,280,120,1000,4.00E-05,12,1685,Run_1685,180,140,1800,8.00E-05,50,1280,Run_1280,160,120,1600,2.00E-05,58
2415,Run_2415,220,160,1000,4.00E-05,14,1707,Run_1707,180,160,1400,4.00E-05,44,1320,Run_1320,160,140,1600,1.00E-04,52
3282,Run_3282,280,20,1000,1.00E-04,16,3722,Run_3722,300,80,1400,2.00E-05,42,1612,Run_1612,180,100,1800,6.00E-05,51
3320,Run_3320,280,40,1200,2.00E-05,18,1277,Run_1277,160,120,1400,8.00E-05,49,1689,Run_1689,180,140,2000,4.00E-05,54
2717,Run_2717,240,120,1400,8.00E-05,20,1555,Run_1555,180,80,1200,1.00E-05,42,822,Run_822,140,40,1800,1.00E-04,54
3464,Run_3464,280,140,1200,2.00E-05,18,3164,Run_3164,260,160,2000,2.00E-05,48,3901,Run_3901,300,180,1400,1.00E-05,55
2450,Run_2450,220,180,1000,2.00E-05,12,3519,Run_3519,280,160,1800,4.00E-05,50,1177,Run_1177,160,40,1800,1.00E-05,60
9,Run_9,100,0,1200,4.00E-05,18,2121,Run_2121,200,180,2000,4.00E-05,41,1311,Run_1311,160,140,1400,4.00E-05,52
3628,Run_3628,300,0,1800,6.00E-05,19,1205,Run_1205,160,80,1400,8.00E-05,48,3767,Run_3767,300,100,1600,8.00E-05,53
3145,Run_3145,260,160,1400,1.00E-05,16,1267,Run_1267,160,120,1200,1.00E-05,48,882,Run_882,140,100,1400,1.00E-04,52
2831,Run_2831,240,180,1600,8.00E-05,18,902,Run_902,140,120,1000,2.00E-05,42,1724,Run_1724,180,160,2000,2.00E-05,53
3315,Run_3315,280,40,1000,4.00E-05,17,1709,Run_1709,180,160,1400,8.00E-05,42,983,Run_983,140,160,1200,8.00E-05,52
1801,Run_1801,200,0,1000,1.00E-05,14,1633,Run_1633,180,120,1400,1.00E-05,47,1761,Run_1761,180,180,2000,4.00E-05,52
1454,Run_1454,180,0,1400,2.00E-05,20,429,Run_429,120,20,2000,4.00E-05,41,1398,Run_1398,160,180,1800,1.00E-04,54
2423,Run_2423,220,160,1200,8.00E-05,18,1392,Run_1392,160,180,1600,1.00E-04,48,1760,Run_1760,180,180,2000,2.00E-05,52
1410,Run_1410,160,200,1000,1.00E-04,17,2083,Run_2083,200,160,2000,1.00E-05,42,817,Run_817,140,40,1800,1.00E-05,60
2387,Run_2387,220,140,1200,8.00E-05,20,1797,Run_1797,180,200,2000,4.00E-05,48,3869,Run_3869,300,160,1400,8.00E-05,58
688,Run_688,120,200,1000,6.00E-05,18,1800,Run_1800,180,200,2000,1.00E-04,44,1310,Run_1310,160,140,1400,2.00E-05,52
3012,Run_3012,260,80,1600,1.00E-04,16,87,Run_87,100,40,1400,4.00E-05,46,1296,Run_1296,160,120,2000,1.00E-04,60
3620,Run_3620,300,0,1600,2.00E-05,17,3905,Run_3905,300,180,1400,8.00E-05,50,3797,Run_3797,300,120,1400,8.00E-05,55
2538,Run_2538,240,0,1400,1.00E-04,17,1433,Run_1433,160,200,1800,8.00E-05,50,1058,Run_1058,140,200,1400,2.00E-05,52
2871,Run_2871,240,200,1800,4.00E-05,20,1169,Run_1169,160,40,1400,8.00E-05,42,981,Run_981,140,160,1200,4.00E-05,54
2904,Run_2904,260,0,1600,1.00E-04,17,1197,Run_1197,160,80,1200,4.00E-05,45,3798,Run_3798,300,120,1400,1.00E-04,52
3224,Run_3224,260,200,1600,2.00E-05,15,3823,Run_3823,300,140,1200,1.00E-05,46,811,Run_811,140,40,1600,1.00E-05,53
2177,Run_2177,220,0,1400,8.00E-05,19,1634,Run_1634,180,120,1400,2.00E-05,47,3728,Run_3728,300,80,1600,2.00E-05,52
3188,Run_3188,260,180,1600,2.00E-05,18,1971,Run_1971,200,100,1800,4.00E-05,44,1611,Run_1611,180,100,1800,4.00E-05,54
2924,Run_2924,260,20,1200,2.00E-05,17,1942,Run_1942,200,80,2000,6.00E-05,46,3904,Run_3904,300,180,1400,6.00E-05,51
1082,Run_1082,160,0,1000,2.00E-05,15,72,Run_72,100,20,2000,1.00E-04,42,3518,Run_3518,280,160,1800,2.00E-05,54
3639,Run_3639,300,20,1000,4.00E-05,17,3826,Run_3826,300,140,1200,6.00E-05,42,1244,Run_1244,160,100,1600,2.00E-05,57
3321,Run_3321,280,40,1200,4.00E-05,19,1941,Run_1941,200,80,2000,4.00E-05,48,828,Run_828,140,40,2000,1.00E-04,60
2818,Run_2818,240,180,1200,6.00E-05,11,1597,Run_1597,180,100,1400,1.00E-05,46,1322,Run_1322,160,140,1800,2.00E-05,60
2709,Run_2709,240,120,1200,4.00E-05,19,1893,Run_1893,200,40,1600,4.00E-05,42,461,Run_461,120,40,1800,8.00E-05,54
2712,Run_2712,240,120,1200,1.00E-04,15,1939,Run_1939,200,80,2000,1.00E-05,49,1646,Run_1646,180,120,1800,2.00E-05,52
2341,Run_2341,220,120,1000,1.00E-05,18,1676,Run_1676,180,140,1600,2.00E-05,50,1172,Run_1172,160,40,1600,2.00E-05,54
2912,Run_2912,260,0,2000,2.00E-05,17,1742,Run_1742,180,180,1400,2.00E-05,42,1717,Run_1717,180,160,1800,1.00E-05,52
2550,Run_2550,240,0,1800,1.00E-04,20,1384,Run_1384,160,180,1400,6.00E-05,46,1274,Run_1274,160,120,1400,2.00E-05,52
2863,Run_2863,240,200,1600,1.00E-05,18,1785,Run_1785,180,200,1600,4.00E-05,42,1539,Run_1539,180,40,1800,4.00E-05,54
3047,Run_3047,260,100,1600,8.00E-05,17,939,Run_939,140,140,1000,4.00E-05,42,3729,Run_3729,300,80,1600,4.00E-05,52
3641,Run_3641,300,20,1000,8.00E-05,17,1930,Run_1930,200,80,1600,6.00E-05,41,1575,Run_1575,180,80,1800,4.00E-05,55
2783,Run_2783,240,160,1200,8.00E-05,13,1705,Run_1705,180,160,1400,1.00E-05,45,845,Run_845,140,80,1400,8.00E-05,53
3287,Run_3287,280,20,1200,8.00E-05,18,2006,Run_2006,200,120,1800,2.00E-05,42,1691,Run_1691,180,140,2000,8.00E-05,52
3618,Run_3618,300,0,1400,1.00E-04,17,1561,Run_1561,180,80,1400,1.00E-05,49,1759,Run_1759,180,180,2000,1.00E-05,51
2711,Run_2711,240,120,1200,8.00E-05,16,1166,Run_1166,160,40,1400,2.00E-05,47,1351,Run_1351,160,160,1600,1.00E-05,58
2965,Run_2965,260,40,1400,1.00E-05,22,1712,Run_1712,180,160,1600,2.00E-05,48,1647,Run_1647,180,120,1800,4.00E-05,52
2973,Run_2973,260,40,1600,4.00E-05,24,1271,Run_1271,160,120,1200,8.00E-05,44,1690,Run_1690,180,140,2000,6.00E-05,54
33,Run_33,100,0,2000,4.00E-05,27,3697,Run_3697,300,40,1800,1.00E-05,42,1648,Run_1648,180,120,1800,6.00E-05,51
3509,Run_3509,280,160,1400,8.00E-05,22,1671,Run_1671,180,140,1400,4.00E-05,46,1604,Run_1604,180,100,1600,2.00E-05,52
3593,Run_3593,280,200,1800,8.00E-05,26,1592,Run_1592,180,100,1200,2.00E-05,43,1325,Run_1325,160,140,1800,8.00E-05,58
40,Run_40,100,20,1000,6.00E-05,22,1792,Run_1792,180,200,1800,6.00E-05,44,1246,Run_1246,160,100,1600,6.00E-05,54
2943,Run_2943,260,20,1800,4.00E-05,22,1268,Run_1268,160,120,1200,2.00E-05,48,1577,Run_1577,180,80,1800,8.00E-05,52
1465,Run_1465,180,0,1800,1.00E-05,25,1748,Run_1748,180,180,1600,2.00E-05,46,93,Run_93,100,40,1600,4.00E-05,53
1831,Run_1831,200,0,2000,1.00E-05,26,3095,Run_3095,260,120,2000,8.00E-05,43,873,Run_873,140,100,1200,4.00E-05,56
1848,Run_1848,200,20,1200,1.00E-04,27,1786,Run_1786,180,200,1600,6.00E-05,42,3943,Run_3943,300,200,1600,1.00E-05,60
2474,Run_2474,220,180,1800,2.00E-05,28,1891,Run_1891,200,40,1600,1.00E-05,42,1544,Run_1544,180,40,2000,2.00E-05,60
1455,Run_1455,180,0,1400,4.00E-05,21,1665,Run_1665,180,140,1200,4.00E-05,43,1396,Run_1396,160,180,1800,6.00E-05,58
2984,Run_2984,260,40,2000,2.00E-05,28,1675,Run_1675,180,140,1600,1.00E-05,50,813,Run_813,140,40,1600,4.00E-05,52
3745,Run_3745,300,100,1000,1.00E-05,24,1649,Run_1649,180,120,1800,8.00E-05,49,1576,Run_1576,180,80,1800,6.00E-05,54
2132,Run_2132,200,200,1200,2.00E-05,22,1015,Run_1015,140,180,1200,1.00E-05,45,1393,Run_1393,160,180,1800,1.00E-05,60
2063,Run_2063,200,160,1200,8.00E-05,28,1713,Run_1713,180,160,1600,4.00E-05,48,582,Run_582,120,140,1000,1.00E-04,58
19,Run_19,100,0,1600,1.00E-05,22,1747,Run_1747,180,180,1600,1.00E-05,46,1429,Run_1429,160,200,1800,1.00E-05,52
2140,Run_2140,200,200,1400,6.00E-05,27,95,Run_95,100,40,1600,8.00E-05,50,908,Run_908,140,120,1200,2.00E-05,58
3663,Run_3663,300,20,1800,4.00E-05,25,109,Run_109,100,80,1000,1.00E-05,48,1279,Run_1279,160,120,1600,1.00E-05,58
3586,Run_3586,280,200,1600,6.00E-05,22,938,Run_938,140,140,1000,2.00E-05,42,880,Run_880,140,100,1400,6.00E-05,60
1096,Run_1096,160,0,1400,6.00E-05,21,1529,Run_1529,180,40,1400,8.00E-05,42,1287,Run_1287,160,120,1800,4.00E-05,60
2988,Run_2988,260,40,2000,1.00E-04,28,1564,Run_1564,180,80,1400,6.00E-05,46,852,Run_852,140,80,1600,1.00E-04,58
1100,Run_1100,160,0,1600,2.00E-05,22,1642,Run_1642,180,120,1600,6.00E-05,50,1224,Run_1224,160,80,2000,1.00E-04,60
2686,Run_2686,240,100,1600,6.00E-05,24,3130,Run_3130,260,140,2000,6.00E-05,48,1387,Run_1387,160,180,1600,1.00E-05,54
2224,Run_2224,220,20,1800,6.00E-05,28,2050,Run_2050,200,140,2000,6.00E-05,43,1388,Run_1388,160,180,1600,2.00E-05,54
1128,Run_1128,160,20,1200,1.00E-04,28,1313,Run_1313,160,140,1400,8.00E-05,50,1541,Run_1541,180,40,1800,8.00E-05,52
2216,Run_2216,220,20,1600,2.00E-05,26,1979,Run_1979,200,100,2000,8.00E-05,42,1584,Run_1584,180,80,2000,1.00E-04,52
2313,Run_2313,220,100,1200,4.00E-05,24,1270,Run_1270,160,120,1200,6.00E-05,46,1178,Run_1178,160,40,1800,2.00E-05,60
3547,Run_3547,280,180,1600,1.00E-05,28,1980,Run_1980,200,100,2000,1.00E-04,41,1573,Run_1573,180,80,1800,1.00E-05,56
2763,Run_2763,240,140,1800,4.00E-05,28,1650,Run_1650,180,120,1800,1.00E-04,48,1651,Run_1651,180,120,2000,1.00E-05,56
3656,Run_3656,300,20,1600,2.00E-05,22,2016,Run_2016,200,120,2000,1.00E-04,42,1403,Run_1403,160,180,2000,8.00E-05,60
3007,Run_3007,260,80,1600,1.00E-05,22,1347,Run_1347,160,160,1400,4.00E-05,50,3521,Run_3521,280,160,1800,8.00E-05,53
394,Run_394,120,0,2000,6.00E-05,29,1636,Run_1636,180,120,1400,6.00E-05,46,1252,Run_1252,160,100,1800,6.00E-05,58
1853,Run_1853,200,20,1400,8.00E-05,29,1641,Run_1641,180,120,1600,4.00E-05,50,1218,Run_1218,160,80,1800,1.00E-04,54
395,Run_395,120,0,2000,8.00E-05,30,3199,Run_3199,260,180,2000,1.00E-05,48,3867,Run_3867,300,160,1400,4.00E-05,55
1554,Run_1554,180,80,1000,1.00E-04,28,1269,Run_1269,160,120,1200,4.00E-05,47,1567,Run_1567,180,80,1600,1.00E-05,52
3688,Run_3688,300,40,1400,6.00E-05,30,1606,Run_1606,180,100,1600,6.00E-05,49,3903,Run_3903,300,180,1400,4.00E-05,52
2614,Run_2614,240,40,1600,6.00E-05,25,837,Run_837,140,80,1200,4.00E-05,47,3520,Run_3520,280,160,1800,6.00E-05,54
1472,Run_1472,180,0,2000,2.00E-05,28,1571,Run_1571,180,80,1600,8.00E-05,48,1436,Run_1436,160,200,2000,2.00E-05,60
2463,Run_2463,220,180,1400,4.00E-05,22,1578,Run_1578,180,80,1800,1.00E-04,50,1253,Run_1253,160,100,1800,8.00E-05,56
1946,Run_1946,200,100,1000,2.00E-05,30,1605,Run_1605,180,100,1600,4.00E-05,50,3727,Run_3727,300,80,1600,1.00E-05,53
3306,Run_3306,280,20,1800,1.00E-04,22,1385,Run_1385,160,180,1400,8.00E-05,44,1395,Run_1395,160,180,1800,4.00E-05,59
2239,Run_2239,220,40,1200,1.00E-05,26,68,Run_68,100,20,2000,2.00E-05,44,1207,Run_1207,160,80,1600,1.00E-05,58
382,Run_382,120,0,1600,6.00E-05,24,1238,Run_1238,160,100,1400,2.00E-05,50,946,Run_946,140,140,1200,6.00E-05,58
739,Run_739,140,0,1600,1.00E-05,22,1635,Run_1635,180,120,1400,4.00E-05,46,1688,Run_1688,180,140,2000,2.00E-05,54
2447,Run_2447,220,160,2000,8.00E-05,30,1526,Run_1526,180,40,1400,2.00E-05,46,1182,Run_1182,160,40,1800,1.00E-04,54
2655,Run_2655,240,80,1800,4.00E-05,28,2047,Run_2047,200,140,2000,1.00E-05,43,3168,Run_3168,260,160,2000,1.00E-04,51
3376,Run_3376,280,80,1800,6.00E-05,30,1382,Run_1382,160,180,1400,2.00E-05,47,506,Run_506,120,100,1000,2.00E-05,56
2613,Run_2613,240,40,1600,4.00E-05,25,1793,Run_1793,180,200,1800,8.00E-05,42,1283,Run_1283,160,120,1600,8.00E-05,54
2312,Run_2312,220,100,1200,2.00E-05,24,1664,Run_1664,180,140,1200,2.00E-05,43,3736,Run_3736,300,80,1800,6.00E-05,60
2138,Run_2138,200,200,1400,2.00E-05,28,454,Run_454,120,40,1600,6.00E-05,48,1569,Run_1569,180,80,1600,4.00E-05,52
2282,Run_2282,220,80,1400,2.00E-05,28,1530,Run_1530,180,40,1400,1.00E-04,42,1282,Run_1282,160,120,1600,6.00E-05,56
2242,Run_2242,220,40,1200,6.00E-05,26,1640,Run_1640,180,120,1600,2.00E-05,50,1579,Run_1579,180,80,2000,1.00E-05,60
2844,Run_2844,240,180,2000,1.00E-04,24,1534,Run_1534,180,40,1600,6.00E-05,48,1353,Run_1353,160,160,1600,4.00E-05,56
2469,Run_2469,220,180,1600,4.00E-05,26,1754,Run_1754,180,180,1800,2.00E-05,49,1173,Run_1173,160,40,1600,4.00E-05,53
2723,Run_2723,240,120,1600,8.00E-05,23,3163,Run_3163,260,160,2000,1.00E-05,50,1718,Run_1718,180,160,1800,2.00E-05,52
3516,Run_3516,280,160,1600,1.00E-04,28,1346,Run_1346,160,160,1400,2.00E-05,50,1273,Run_1273,160,120,1400,1.00E-05,52
2340,Run_2340,220,100,2000,1.00E-04,29,816,Run_816,140,40,1600,1.00E-04,47,3830,Run_3830,300,140,1400,2.00E-05,58
2347,Run_2347,220,120,1200,1.00E-05,24,1906,Run_1906,200,40,2000,6.00E-05,48,1249,Run_1249,160,100,1800,1.00E-05,60
2219,Run_2219,220,20,1600,8.00E-05,26,1307,Run_1307,160,140,1200,8.00E-05,44,3768,Run_3768,300,100,1600,1.00E-04,52
1110,Run_1110,160,0,1800,1.00E-04,28,1356,Run_1356,160,160,1600,1.00E-04,50,459,Run_459,120,40,1800,4.00E-05,56
2802,Run_2802,240,160,1800,1.00E-04,23,1721,Run_1721,180,160,1800,8.00E-05,48,92,Run_92,100,40,1600,2.00E-05,54
2349,Run_2349,220,120,1200,4.00E-05,24,1233,Run_1233,160,100,1200,4.00E-05,47,3945,Run_3945,300,200,1600,4.00E-05,62
32,Run_32,100,0,2000,2.00E-05,26,1535,Run_1535,180,40,1600,8.00E-05,47,98,Run_98,100,40,1800,2.00E-05,78
2620,Run_2620,240,40,1800,6.00E-05,27,1927,Run_1927,200,80,1600,1.00E-05,43,3950,Run_3950,300,200,1800,2.00E-05,78
3341,Run_3341,280,40,1800,8.00E-05,25,2120,Run_2120,200,180,2000,2.00E-05,41,915,Run_915,140,120,1400,4.00E-05,79
2436,Run_2436,220,160,1600,1.00E-04,24,1381,Run_1381,160,180,1400,1.00E-05,48,1026,Run_1026,140,180,1400,1.00E-04,70
1874,Run_1874,200,40,1000,2.00E-05,30,1417,Run_1417,160,200,1400,1.00E-05,42,541,Run_541,120,120,1000,1.00E-05,80
2142,Run_2142,200,200,1400,1.00E-04,26,1722,Run_1722,180,160,1800,1.00E-04,48,847,Run_847,140,80,1600,1.00E-05,70
2838,Run_2838,240,180,1800,1.00E-04,21,2000,Run_2000,200,120,1600,2.00E-05,42,825,Run_825,140,40,2000,4.00E-05,66
2828,Run_2828,240,180,1600,2.00E-05,21,458,Run_458,120,40,1800,2.00E-05,58,3600,Run_3600,280,200,2000,1.00E-04,64
2700,Run_2700,240,100,2000,1.00E-04,24,1547,Run_1547,180,40,2000,8.00E-05,58,1363,Run_1363,160,160,2000,1.00E-05,65
3433,Run_3433,280,120,1400,1.00E-05,24,1387,Run_1387,160,180,1600,1.00E-05,54,3564,Run_3564,280,180,2000,1.00E-04,68
2716,Run_2716,240,120,1400,6.00E-05,21,1249,Run_1249,160,100,1800,1.00E-05,60,3829,Run_3829,300,140,1400,1.00E-05,62
2215,Run_2215,220,20,1600,1.00E-05,26,3520,Run_3520,280,160,1800,6.00E-05,54,3489,Run_3489,280,140,2000,4.00E-05,69
3756,Run_3756,300,100,1200,1.00E-04,27,1057,Run_1057,140,200,1400,1.00E-05,56,879,Run_879,140,100,1400,4.00E-05,64
1820,Run_1820,200,0,1600,2.00E-05,22,3902,Run_3902,300,180,1400,2.00E-05,52,3596,Run_3596,280,200,2000,2.00E-05,66
1471,Run_1471,180,0,2000,1.00E-05,26,1216,Run_1216,160,80,1800,6.00E-05,60,3744,Run_3744,300,80,2000,1.00E-04,62
3305,Run_3305,280,20,1800,8.00E-05,22,983,Run_983,140,160,1200,8.00E-05,52,3763,Run_3763,300,100,1600,1.00E-05,68
2803,Run_2803,240,160,2000,1.00E-05,30,3834,Run_3834,300,140,1400,1.00E-04,54,3487,Run_3487,280,140,2000,1.00E-05,65
1099,Run_1099,160,0,1600,1.00E-05,22,1288,Run_1288,160,120,1800,6.00E-05,58,3909,Run_3909,300,180,1600,4.00E-05,75
2972,Run_2972,260,40,1600,2.00E-05,24,1284,Run_1284,160,120,1600,1.00E-04,52,3954,Run_3954,300,200,1800,1.00E-04,76
2976,Run_2976,260,40,1600,1.00E-04,23,3904,Run_3904,300,180,1400,6.00E-05,51,543,Run_543,120,120,1000,4.00E-05,76
3657,Run_3657,300,20,1600,4.00E-05,22,945,Run_945,140,140,1200,4.00E-05,59,3804,Run_3804,300,120,1600,1.00E-04,67
3689,Run_3689,300,40,1400,8.00E-05,28,1725,Run_1725,180,160,2000,4.00E-05,54,3911,Run_3911,300,180,1600,8.00E-05,74
1824,Run_1824,200,0,1600,1.00E-04,24,1289,Run_1289,160,120,1800,8.00E-05,56,1220,Run_1220,160,80,2000,2.00E-05,70
1157,Run_1157,160,40,1000,8.00E-05,30,3796,Run_3796,300,120,1400,6.00E-05,56,542,Run_542,120,120,1000,2.00E-05,78
1849,Run_1849,200,20,1400,1.00E-05,30,1582,Run_1582,180,80,2000,6.00E-05,56,1330,Run_1330,160,140,2000,6.00E-05,64
1158,Run_1158,160,40,1000,1.00E-04,30,91,Run_91,100,40,1600,1.00E-05,54,1321,Run_1321,160,140,1800,1.00E-05,61
2321,Run_2321,220,100,1400,8.00E-05,24,946,Run_946,140,140,1200,6.00E-05,58,3799,Run_3799,300,120,1600,1.00E-05,75
1013,Run_1013,140,180,1000,8.00E-05,27,1646,Run_1646,180,120,1800,2.00E-05,52,1292,Run_1292,160,120,2000,2.00E-05,66
1516,Run_1516,180,40,1000,6.00E-05,30,1325,Run_1325,160,140,1800,8.00E-05,58,120,Run_120,100,80,1200,1.00E-04,62
388,Run_388,120,0,1800,6.00E-05,27,1315,Run_1315,160,140,1600,1.00E-05,58,3488,Run_3488,280,140,2000,2.00E-05,77
2725,Run_2725,240,120,1800,1.00E-05,28,1612,Run_1612,180,100,1800,6.00E-05,51,546,Run_546,120,120,1000,1.00E-04,61
1123,Run_1123,160,20,1200,1.00E-05,28,506,Run_506,120,100,1000,2.00E-05,56,1024,Run_1024,140,180,1400,6.00E-05,72
407,Run_407,120,20,1200,8.00E-05,28,3729,Run_3729,300,80,1600,4.00E-05,52,3454,Run_3454,280,120,2000,6.00E-05,71
3017,Run_3017,260,80,1800,8.00E-05,21,3833,Run_3833,300,140,1400,8.00E-05,58,1223,Run_1223,160,80,2000,8.00E-05,62
2220,Run_2220,220,20,1600,1.00E-04,26,1648,Run_1648,180,120,1800,6.00E-05,51,1222,Run_1222,160,80,2000,6.00E-05,66
2325,Run_2325,220,100,1600,4.00E-05,30,1430,Run_1430,160,200,1800,2.00E-05,54,3490,Run_3490,280,140,2000,6.00E-05,72
2223,Run_2223,220,20,1800,4.00E-05,28,1351,Run_1351,160,160,1600,1.00E-05,58,3772,Run_3772,300,100,1800,6.00E-05,74
2324,Run_2324,220,100,1600,2.00E-05,30,980,Run_980,140,160,1200,2.00E-05,54,3560,Run_3560,280,180,2000,2.00E-05,78
2833,Run_2833,240,180,1800,1.00E-05,25,1683,Run_1683,180,140,1800,4.00E-05,52,1221,Run_1221,160,80,2000,4.00E-05,69
2513,Run_2513,220,200,1800,8.00E-05,22,1316,Run_1316,160,140,1600,2.00E-05,58,3523,Run_3523,280,160,2000,1.00E-05,72
761,Run_761,140,20,1000,8.00E-05,23,819,Run_819,140,40,1800,4.00E-05,58,3907,Run_3907,300,180,1600,1.00E-05,74
2370,Run_2370,220,120,1800,1.00E-04,28,843,Run_843,140,80,1400,4.00E-05,60,3452,Run_3452,280,120,2000,2.00E-05,70
3198,Run_3198,260,180,1800,1.00E-04,26,1762,Run_1762,180,180,2000,6.00E-05,52,545,Run_545,120,120,1000,8.00E-05,68
2622,Run_2622,240,40,1800,1.00E-04,26,1653,Run_1653,180,120,2000,4.00E-05,55,1184,Run_1184,160,40,2000,2.00E-05,65
2761,Run_2761,240,140,1800,1.00E-05,28,1393,Run_1393,160,180,1800,1.00E-05,60,464,Run_464,120,40,2000,2.00E-05,76
1477,Run_1477,180,20,1000,1.00E-05,24,1210,Run_1210,160,80,1600,6.00E-05,54,1329,Run_1329,160,140,2000,4.00E-05,66
2482,Run_2482,220,180,2000,6.00E-05,30,1273,Run_1273,160,120,1400,1.00E-05,52,1219,Run_1219,160,80,2000,1.00E-05,70
3469,Run_3469,280,140,1400,1.00E-05,25,1287,Run_1287,160,120,1800,4.00E-05,60,1183,Run_1183,160,40,2000,1.00E-05,65
35,Run_35,100,0,2000,8.00E-05,29,1286,Run_1286,160,120,1800,2.00E-05,60,1023,Run_1023,140,180,1400,4.00E-05,75
2203,Run_2203,220,20,1200,1.00E-05,22,981,Run_981,140,160,1200,4.00E-05,54,3764,Run_3764,300,100,1600,2.00E-05,66
3665,Run_3665,300,20,1800,8.00E-05,25,1723,Run_1723,180,160,2000,1.00E-05,54,1293,Run_1293,160,120,2000,4.00E-05,66
2714,Run_2714,240,120,1400,2.00E-05,23,3943,Run_3943,300,200,1600,1.00E-05,60,848,Run_848,140,80,1600,2.00E-05,70
2617,Run_2617,240,40,1800,1.00E-05,28,1353,Run_1353,160,160,1600,4.00E-05,56,119,Run_119,100,80,1200,8.00E-05,79
1517,Run_1517,180,40,1000,8.00E-05,30,908,Run_908,140,120,1200,2.00E-05,58,1291,Run_1291,160,120,2000,1.00E-05,66
2190,Run_2190,220,0,1800,1.00E-04,22,3166,Run_3166,260,160,2000,6.00E-05,54,1367,Run_1367,160,160,2000,8.00E-05,62
2658,Run_2658,240,80,1800,1.00E-04,24,1691,Run_1691,180,140,2000,8.00E-05,52,3491,Run_3491,280,140,2000,8.00E-05,68
2647,Run_2647,240,80,1600,1.00E-05,25,852,Run_852,140,80,1600,1.00E-04,58,826,Run_826,140,40,2000,6.00E-05,64
2724,Run_2724,240,120,1600,1.00E-04,22,1217,Run_1217,160,80,1800,8.00E-05,58,578,Run_578,120,140,1000,2.00E-05,70
1121,Run_1121,160,20,1000,8.00E-05,24,3518,Run_3518,280,160,1800,2.00E-05,54,1186,Run_1186,160,40,2000,6.00E-05,62
2226,Run_2226,220,20,1800,1.00E-04,28,882,Run_882,140,100,1400,1.00E-04,52,3836,Run_3836,300,140,1600,2.00E-05,80
2478,Run_2478,220,180,1800,1.00E-04,25,912,Run_912,140,120,1200,1.00E-04,52,1255,Run_1255,160,100,2000,1.00E-05,66
2147,Run_2147,200,200,1600,8.00E-05,30,3728,Run_3728,300,80,1600,2.00E-05,52,3876,Run_3876,300,160,1600,1.00E-04,74
1662,Run_1662,180,140,1000,1.00E-04,30,1209,Run_1209,160,80,1600,4.00E-05,56,850,Run_850,140,80,1600,6.00E-05,66
2236,Run_2236,220,40,1000,6.00E-05,23,94,Run_94,100,40,1600,6.00E-05,52,580,Run_580,120,140,1000,6.00E-05,70
2339,Run_2339,220,100,2000,8.00E-05,30,948,Run_948,140,140,1200,1.00E-04,52,466,Run_466,120,40,2000,6.00E-05,64
2627,Run_2627,240,40,2000,8.00E-05,29,1362,Run_1362,160,160,1800,1.00E-04,56,1359,Run_1359,160,160,1800,4.00E-05,62
406,Run_406,120,20,1200,6.00E-05,27,1354,Run_1354,160,160,1600,6.00E-05,55,467,Run_467,120,40,2000,8.00E-05,62
3715,Run_3715,300,80,1200,1.00E-05,30,459,Run_459,120,40,1800,4.00E-05,56,1295,Run_1295,160,120,2000,8.00E-05,62
773,Run_773,140,20,1400,8.00E-05,30,1311,Run_1311,160,140,1400,4.00E-05,52,1251,Run_1251,160,100,1800,4.00E-05,61
2986,Run_2986,260,40,2000,6.00E-05,28,1681,Run_1681,180,140,1800,1.00E-05,52,3766,Run_3766,300,100,1600,6.00E-05,62
756,Run_756,140,0,2000,1.00E-04,30,1332,Run_1332,160,140,2000,1.00E-04,60,544,Run_544,120,120,1000,6.00E-05,70
2726,Run_2726,240,120,1800,2.00E-05,28,101,Run_101,100,40,1800,8.00E-05,60,3912,Run_3912,300,180,1600,1.00E-04,72
742,Run_742,140,0,1600,6.00E-05,23,844,Run_844,140,80,1400,6.00E-05,56,1366,Run_1366,160,160,2000,6.00E-05,66
1491,Run_1491,180,20,1400,4.00E-05,30,822,Run_822,140,40,1800,1.00E-04,54,1357,Run_1357,160,160,1800,1.00E-05,62
2022,Run_2022,200,140,1000,1.00E-04,24,3830,Run_3830,300,140,1400,2.00E-05,58,878,Run_878,140,100,1400,2.00E-05,64
2137,Run_2137,200,200,1400,1.00E-05,28,1246,Run_1246,160,100,1600,6.00E-05,54,3597,Run_3597,280,200,2000,4.00E-05,66
2982,Run_2982,260,40,1800,1.00E-04,25,1616,Run_1616,180,100,2000,2.00E-05,56,990,Run_990,140,160,1400,1.00E-04,74
1851,Run_1851,200,20,1400,4.00E-05,30,820,Run_820,140,40,1800,6.00E-05,58,3874,Run_3874,300,160,1600,6.00E-05,77
1108,Run_1108,160,0,1800,6.00E-05,26,947,Run_947,140,140,1200,8.00E-05,54,3743,Run_3743,300,80,2000,8.00E-05,70
3510,Run_3510,280,160,1400,1.00E-04,22,911,Run_911,140,120,1200,8.00E-05,54,3910,Run_3910,300,180,1600,6.00E-05,72
2245,Run_2245,220,40,1400,1.00E-05,29,1296,Run_1296,160,120,2000,1.00E-04,60,916,Run_916,140,120,1400,6.00E-05,76
3748,Run_3748,300,100,1000,6.00E-05,22,1244,Run_1244,160,100,1600,2.00E-05,57,3944,Run_3944,300,200,1600,2.00E-05,61
1369,Run_1369,160,180,1000,1.00E-05,30,1435,Run_1435,160,200,2000,1.00E-05,60,953,Run_953,140,140,1400,8.00E-05,79
3080,Run_3080,260,120,1600,2.00E-05,22,1604,Run_1604,180,100,1600,2.00E-05,52,617,Run_617,120,160,1000,8.00E-05,64
1667,Run_1667,180,140,1200,8.00E-05,40,841,Run_841,140,80,1400,1.00E-05,60,1399,Run_1399,160,180,2000,1.00E-05,63
84,Run_84,100,40,1200,1.00E-04,36,1396,Run_1396,160,180,1800,6.00E-05,58,858,Run_858,140,80,1800,1.00E-04,66
1051,Run_1051,140,200,1200,1.00E-05,36,452,Run_452,120,40,1600,2.00E-05,51,3595,Run_3595,280,200,2000,1.00E-05,62
1788,Run_1788,180,200,1600,1.00E-04,40,1390,Run_1390,160,180,1600,6.00E-05,52,3733,Run_3733,300,80,1800,1.00E-05,67
3448,Run_3448,280,120,1800,6.00E-05,40,1403,Run_1403,160,180,2000,8.00E-05,60,1327,Run_1327,160,140,2000,1.00E-05,65
2265,Run_2265,220,40,2000,4.00E-05,38,1718,Run_1718,180,160,1800,2.00E-05,52,3563,Run_3563,280,180,2000,8.00E-05,68
1338,Run_1338,160,160,1000,1.00E-04,32,3168,Run_3168,260,160,2000,1.00E-04,51,616,Run_616,120,160,1000,6.00E-05,65
1550,Run_1550,180,80,1000,2.00E-05,35,1180,Run_1180,160,40,1800,6.00E-05,58,294,Run_294,100,180,1000,1.00E-04,76
1973,Run_1973,200,100,1800,8.00E-05,40,1617,Run_1617,180,100,2000,4.00E-05,55,917,Run_917,140,120,1400,8.00E-05,74
904,Run_904,140,120,1000,6.00E-05,40,1322,Run_1322,160,140,1800,2.00E-05,60,614,Run_614,120,160,1000,2.00E-05,64
1131,Run_1131,160,20,1400,4.00E-05,32,1436,Run_1436,160,200,2000,2.00E-05,60,3599,Run_3599,280,200,2000,8.00E-05,64
978,Run_978,140,160,1000,1.00E-04,35,871,Run_871,140,100,1200,1.00E-05,54,842,Run_842,140,80,1400,2.00E-05,61
1378,Run_1378,160,180,1200,6.00E-05,38,1568,Run_1568,180,80,1600,2.00E-05,52,476,Run_476,120,80,1200,2.00E-05,74
1780,Run_1780,180,200,1400,6.00E-05,36,910,Run_910,140,120,1200,6.00E-05,57,150,Run_150,100,100,1000,1.00E-04,62
2035,Run_2035,200,140,1600,1.00E-05,40,1548,Run_1548,180,40,2000,1.00E-04,56,1215,Run_1215,160,80,1800,4.00E-05,62
2110,Run_2110,200,180,1600,6.00E-05,36,812,Run_812,140,40,1600,2.00E-05,53,3525,Run_3525,280,160,2000,4.00E-05,74
426,Run_426,120,20,1800,1.00E-04,37,1726,Run_1726,180,160,2000,6.00E-05,54,954,Run_954,140,140,1400,1.00E-04,73
784,Run_784,140,20,1800,6.00E-05,38,3456,Run_3456,280,120,2000,1.00E-04,56,1364,Run_1364,160,160,2000,2.00E-05,65
1782,Run_1782,180,200,1400,1.00E-04,34,1260,Run_1260,160,100,2000,1.00E-04,56,1365,Run_1365,160,160,2000,4.00E-05,65
74,Run_74,100,40,1000,2.00E-05,32,1250,Run_1250,160,100,1800,2.00E-05,60,3872,Run_3872,300,160,1600,2.00E-05,77
865,Run_865,140,100,1000,1.00E-05,40,872,Run_872,140,100,1200,2.00E-05,56,918,Run_918,140,120,1400,1.00E-04,68
1371,Run_1371,160,180,1000,4.00E-05,31,1187,Run_1187,160,40,2000,8.00E-05,60,486,Run_486,120,80,1400,1.00E-04,76
2260,Run_2260,220,40,1800,6.00E-05,34,3767,Run_3767,300,100,1600,8.00E-05,53,1328,Run_1328,160,140,2000,2.00E-05,64
2080,Run_2080,200,160,1800,6.00E-05,40,1062,Run_1062,140,200,1400,1.00E-04,51,3779,Run_3779,300,100,2000,8.00E-05,78
798,Run_798,140,40,1000,1.00E-04,32,1177,Run_1177,160,40,1800,1.00E-05,60,3742,Run_3742,300,80,2000,6.00E-05,74
2335,Run_2335,220,100,2000,1.00E-05,36,1181,Run_1181,160,40,1800,8.00E-05,56,1213,Run_1213,160,80,1800,1.00E-05,64
3791,Run_3791,300,120,1200,8.00E-05,38,1615,Run_1615,180,100,2000,1.00E-05,56,3953,Run_3953,300,200,1800,8.00E-05,78
3824,Run_3824,300,140,1200,2.00E-05,40,821,Run_821,140,40,1800,8.00E-05,56,3800,Run_3800,300,120,1600,2.00E-05,76
1376,Run_1376,160,180,1200,2.00E-05,38,3831,Run_3831,300,140,1400,4.00E-05,60,3810,Run_3810,300,120,1800,1.00E-04,80
1863,Run_1863,200,20,1800,4.00E-05,34,1652,Run_1652,180,120,2000,2.00E-05,56,463,Run_463,120,40,2000,1.00E-05,72
2029,Run_2029,200,140,1400,1.00E-05,38,102,Run_102,100,40,1800,1.00E-04,55,3524,Run_3524,280,160,2000,2.00E-05,73
1861,Run_1861,200,20,1800,1.00E-05,34,507,Run_507,120,100,1000,4.00E-05,53,613,Run_613,120,160,1000,1.00E-05,72
2266,Run_2266,220,40,2000,6.00E-05,36,1202,Run_1202,160,80,1400,2.00E-05,53,851,Run_851,140,80,1600,8.00E-05,61
1498,Run_1498,180,20,1600,6.00E-05,34,1439,Run_1439,160,200,2000,8.00E-05,55,988,Run_988,140,160,1400,6.00E-05,80
942,Run_942,140,140,1000,1.00E-04,37,1279,Run_1279,160,120,1600,1.00E-05,58,477,Run_477,120,80,1200,4.00E-05,71
1420,Run_1420,160,200,1400,6.00E-05,40,1398,Run_1398,160,180,1800,1.00E-04,54,3559,Run_3559,280,180,2000,1.00E-05,70
3411,Run_3411,280,100,1800,4.00E-05,34,1259,Run_1259,160,100,2000,8.00E-05,58,3875,Run_3875,300,160,1600,8.00E-05,76
1189,Run_1189,160,80,1000,1.00E-05,35,1275,Run_1275,160,120,1400,4.00E-05,51,1258,Run_1258,160,100,2000,6.00E-05,61
793,Run_793,140,40,1000,1.00E-05,34,880,Run_880,140,100,1400,6.00E-05,60,3455,Run_3455,280,120,2000,8.00E-05,65
1952,Run_1952,200,100,1200,2.00E-05,36,1171,Run_1171,160,40,1600,1.00E-05,54,3948,Run_3948,300,200,1600,1.00E-04,62
3158,Run_3158,260,160,1800,2.00E-05,36,1360,Run_1360,160,160,1800,6.00E-05,60,1402,Run_1402,160,180,2000,6.00E-05,63
2117,Run_2117,200,180,1800,8.00E-05,36,1323,Run_1323,160,140,1800,4.00E-05,60,3598,Run_3598,280,200,2000,6.00E-05,67
1504,Run_1504,180,20,1800,6.00E-05,38,3128,Run_3128,260,140,2000,2.00E-05,51,823,Run_823,140,40,2000,1.00E-05,67
975,Run_975,140,160,1000,4.00E-05,38,3727,Run_3727,300,80,1600,1.00E-05,53,99,Run_99,100,40,1800,4.00E-05,70
2066,Run_2066,200,160,1400,2.00E-05,35,1345,Run_1345,160,160,1400,1.00E-05,51,849,Run_849,140,80,1600,4.00E-05,71
777,Run_777,140,20,1600,4.00E-05,34,3903,Run_3903,300,180,1400,4.00E-05,52,1400,Run_1400,160,180,2000,2.00E-05,64
425,Run_425,120,20,1800,8.00E-05,37,1759,Run_1759,180,180,2000,1.00E-05,51,1368,Run_1368,160,160,2000,1.00E-04,62
3753,Run_3753,300,100,1200,4.00E-05,36,1182,Run_1182,160,40,1800,1.00E-04,54,3802,Run_3802,300,120,1600,6.00E-05,74
1623,Run_1623,180,120,1000,4.00E-05,36,1172,Run_1172,160,40,1600,2.00E-05,54,3952,Run_3952,300,200,1800,6.00E-05,79
1010,Run_1010,140,180,1000,2.00E-05,32,1317,Run_1317,160,140,1600,4.00E-05,58,877,Run_877,140,100,1400,1.00E-05,64
449,Run_449,120,40,1400,8.00E-05,40,1253,Run_1253,160,100,1800,8.00E-05,56,3735,Run_3735,300,80,1800,4.00E-05,64
1146,Run_1146,160,20,1800,1.00E-04,38,3867,Run_3867,300,160,1400,4.00E-05,55,579,Run_579,120,140,1000,4.00E-05,73
1735,Run_1735,180,180,1200,1.00E-05,34,1280,Run_1280,160,120,1600,2.00E-05,58,989,Run_989,140,160,1400,8.00E-05,80
3511,Run_3511,280,160,1600,1.00E-05,32,1327,Run_1327,160,140,2000,1.00E-05,65,943,Run_943,140,140,1200,1.00E-05,61
1334,Run_1334,160,160,1000,2.00E-05,36,99,Run_99,100,40,1800,4.00E-05,70,887,Run_887,140,100,1600,8.00E-05,78
2120,Run_2120,200,180,2000,2.00E-05,41,3840,Run_3840,300,140,1600,1.00E-04,70,3801,Run_3801,300,120,1600,4.00E-05,76
1347,Run_1347,160,160,1400,4.00E-05,50,915,Run_915,140,120,1400,4.00E-05,79,3774,Run_3774,300,100,1800,1.00E-04,64
427,Run_427,120,20,2000,1.00E-05,42,990,Run_990,140,160,1400,1.00E-04,74,3451,Run_3451,280,120,2000,1.00E-05,65
3095,Run_3095,260,120,2000,8.00E-05,43,1184,Run_1184,160,40,2000,2.00E-05,65,3908,Run_3908,300,180,1600,2.00E-05,74
429,Run_429,120,20,2000,4.00E-05,41,825,Run_825,140,40,2000,4.00E-05,66,3773,Run_3773,300,100,1800,8.00E-05,72
1382,Run_1382,160,180,1400,2.00E-05,47,848,Run_848,140,80,1600,2.00E-05,70,3873,Run_3873,300,160,1600,4.00E-05,80
1534,Run_1534,180,40,1600,6.00E-05,48,692,Run_692,120,200,1200,2.00E-05,80,293,Run_293,100,180,1000,8.00E-05,70
1663,Run_1663,180,140,1200,1.00E-05,44,3743,Run_3743,300,80,2000,8.00E-05,70,3765,Run_3765,300,100,1600,4.00E-05,67
1692,Run_1692,180,140,2000,1.00E-04,50,1219,Run_1219,160,80,2000,1.00E-05,70,3527,Run_3527,280,160,2000,8.00E-05,74
1709,Run_1709,180,160,1400,8.00E-05,42,3561,Run_3561,280,180,2000,4.00E-05,78,615,Run_615,120,160,1000,4.00E-05,67
1339,Run_1339,160,160,1200,1.00E-05,43,3769,Run_3769,300,100,1800,1.00E-05,74,1185,Run_1185,160,40,2000,4.00E-05,64
1680,Run_1680,180,140,1600,1.00E-04,46,581,Run_581,120,140,1000,8.00E-05,73,1401,Run_1401,160,180,2000,4.00E-05,64
3556,Run_3556,280,180,1800,6.00E-05,42,1321,Run_1321,160,140,1800,1.00E-05,61,824,Run_824,140,40,2000,2.00E-05,66
1561,Run_1561,180,80,1400,1.00E-05,49,1328,Run_1328,160,140,2000,2.00E-05,64,1022,Run_1022,140,180,1400,2.00E-05,74
2041,Run_2041,200,140,1800,1.00E-05,42,577,Run_577,120,140,1000,1.00E-05,79,3528,Run_3528,280,160,2000,1.00E-04,77
1424,Run_1424,160,200,1600,2.00E-05,48,119,Run_119,100,80,1200,8.00E-05,79,3951,Run_3951,300,200,1800,4.00E-05,77
1936,Run_1936,200,80,1800,6.00E-05,44,3908,Run_3908,300,180,1600,2.00E-05,74,857,Run_857,140,80,1800,8.00E-05,76
1940,Run_1940,200,80,2000,2.00E-05,49,3597,Run_3597,280,200,2000,4.00E-05,66,3780,Run_3780,300,100,2000,1.00E-04,74
1272,Run_1272,160,120,1200,1.00E-04,43,916,Run_916,140,120,1400,6.00E-05,76,3946,Run_3946,300,200,1600,6.00E-05,61
1941,Run_1941,200,80,2000,4.00E-05,48,3944,Run_3944,300,200,1600,2.00E-05,61,475,Run_475,120,80,1200,1.00E-05,61
1944,Run_1944,200,80,2000,1.00E-04,44,857,Run_857,140,80,1800,8.00E-05,76,1257,Run_1257,160,100,2000,4.00E-05,64
1234,Run_1234,160,100,1200,6.00E-05,44,3909,Run_3909,300,180,1600,4.00E-05,75,1214,Run_1214,160,80,1800,2.00E-05,64
1980,Run_1980,200,100,2000,1.00E-04,41,3804,Run_3804,300,120,1600,1.00E-04,67,3769,Run_3769,300,100,1800,1.00E-05,74
806,Run_806,140,40,1400,2.00E-05,46,3744,Run_3744,300,80,2000,1.00E-04,62,3770,Run_3770,300,100,1800,2.00E-05,78
1794,Run_1794,180,200,1800,1.00E-04,41,545,Run_545,120,120,1000,8.00E-05,68,3734,Run_3734,300,80,1800,2.00E-05,67
1423,Run_1423,160,200,1600,1.00E-05,48,615,Run_615,120,160,1000,4.00E-05,67,827,Run_827,140,40,2000,8.00E-05,62
944,Run_944,140,140,1200,2.00E-05,56,1222,Run_1222,160,80,2000,6.00E-05,66,3803,Run_3803,300,120,1600,8.00E-05,71
3768,Run_3768,300,100,1600,1.00E-04,52,3839,Run_3839,300,140,1600,8.00E-05,78,468,Run_468,120,40,2000,1.00E-04,61
1345,Run_1345,160,160,1400,1.00E-05,51,3453,Run_3453,280,120,2000,4.00E-05,72,3562,Run_3562,280,180,2000,6.00E-05,72
1057,Run_1057,140,200,1400,1.00E-05,56,1220,Run_1220,160,80,2000,2.00E-05,70,3453,Run_3453,280,120,2000,4.00E-05,72
820,Run_820,140,40,1800,6.00E-05,58,541,Run_541,120,120,1000,1.00E-05,80,3771,Run_3771,300,100,1800,4.00E-05,78
841,Run_841,140,80,1400,1.00E-05,60,578,Run_578,120,140,1000,2.00E-05,70,100,Run_100,100,40,1800,6.00E-05,66
1172,Run_1172,160,40,1600,2.00E-05,54,954,Run_954,140,140,1400,1.00E-04,73,3949,Run_3949,300,200,1800,1.00E-05,76
3520,Run_3520,280,160,1800,6.00E-05,54,1025,Run_1025,140,180,1400,8.00E-05,72,1358,Run_1358,160,160,1800,2.00E-05,62
110,Run_110,100,80,1000,2.00E-05,59,3733,Run_3733,300,80,1800,1.00E-05,67,692,Run_692,120,200,1200,2.00E-05,80
1283,Run_1283,160,120,1600,8.00E-05,54,3873,Run_3873,300,160,1600,4.00E-05,80,3840,Run_3840,300,140,1600,1.00E-04,70
1223,Run_1223,160,80,2000,8.00E-05,62,476,Run_476,120,80,1200,2.00E-05,74,1294,Run_1294,160,120,2000,6.00E-05,64
1329,Run_1329,160,140,2000,4.00E-05,66,150,Run_150,100,100,1000,1.00E-04,62,3832,Run_3832,300,140,1400,6.00E-05,61
1255,Run_1255,160,100,2000,1.00E-05,66,3778,Run_3778,300,100,2000,6.00E-05,82,577,Run_577,120,140,1000,1.00E-05,79
1257,Run_1257,160,100,2000,4.00E-05,64,3741,Run_3741,300,80,2000,4.00E-05,84,581,Run_581,120,140,1000,8.00E-05,73
544,Run_544,120,120,1000,6.00E-05,70,3956,Run_3956,300,200,2000,2.00E-05,100,1025,Run_1025,140,180,1400,8.00E-05,72
986,Run_986,140,160,1400,2.00E-05,86,854,Run_854,140,80,1800,2.00E-05,94,465,Run_465,120,40,2000,4.00E-05,70
3835,Run_3835,300,140,1600,1.00E-05,82,952,Run_952,140,140,1400,6.00E-05,90,1331,Run_1331,160,140,2000,8.00E-05,62
3809,Run_3809,300,120,1800,8.00E-05,84,588,Run_588,120,140,1200,1.00E-04,184,3561,Run_3561,280,180,2000,4.00E-05,78
514,Run_514,120,100,1200,6.00E-05,127,3814,Run_3814,300,120,2000,6.00E-05,106,618,Run_618,120,160,1000,1.00E-04,63
623,Run_623,120,160,1200,8.00E-05,191,511,Run_511,120,100,1200,1.00E-05,139,888,Run_888,140,100,1600,1.00E-04,66
1077,Run_1077,140,200,2000,4.00E-05,232,258,Run_258,100,160,1000,1.00E-04,132,1256,Run_1256,160,100,2000,2.00E-05,66
527,Run_527,120,100,1600,8.00E-05,318,1069,Run_1069,140,200,1800,1.00E-05,154,3839,Run_3839,300,140,1600,8.00E-05,78
