Run,RELEASE_ALT,RELEASE_MASS,RunName,Fatalities,MASS_MEAN_DIAMETER,WIND_DIRECTION,Day
6,0,1000,Run_6,16,1.00E-04,100,1
9,0,1200,Run_9,18,4.00E-05,100,1
12,0,1200,Run_12,20,1.00E-04,100,1
13,0,1400,Run_13,20,1.00E-05,100,1
19,0,1600,Run_19,22,1.00E-05,100,1
32,0,2000,Run_32,26,2.00E-05,100,1
33,0,2000,Run_33,27,4.00E-05,100,1
35,0,2000,Run_35,29,8.00E-05,100,1
40,20,1000,Run_40,22,6.00E-05,100,1
74,40,1000,Run_74,32,2.00E-05,100,1
84,40,1200,Run_84,36,1.00E-04,100,1
110,80,1000,Run_110,59,2.00E-05,100,1
365,0,1000,Run_365,16,8.00E-05,120,1
369,0,1200,Run_369,18,4.00E-05,120,1
371,0,1200,Run_371,19,8.00E-05,120,1
382,0,1600,Run_382,24,6.00E-05,120,1
388,0,1800,Run_388,27,6.00E-05,120,1
394,0,2000,Run_394,29,6.00E-05,120,1
395,0,2000,Run_395,30,8.00E-05,120,1
406,20,1200,Run_406,27,6.00E-05,120,1
407,20,1200,Run_407,28,8.00E-05,120,1
425,20,1800,Run_425,37,8.00E-05,120,1
426,20,1800,Run_426,37,1.00E-04,120,1
427,20,2000,Run_427,42,1.00E-05,120,1
429,20,2000,Run_429,41,4.00E-05,120,1
449,40,1400,Run_449,40,8.00E-05,120,1
514,100,1200,Run_514,127,6.00E-05,120,1
527,100,1600,Run_527,318,8.00E-05,120,1
544,120,1000,Run_544,70,6.00E-05,120,1
623,160,1200,Run_623,191,8.00E-05,120,1
687,200,1000,Run_687,20,4.00E-05,120,1
688,200,1000,Run_688,18,6.00E-05,120,1
724,0,1000,Run_724,16,6.00E-05,140,1
730,0,1200,Run_730,19,6.00E-05,140,1
735,0,1400,Run_735,20,4.00E-05,140,1
739,0,1600,Run_739,22,1.00E-05,140,1
742,0,1600,Run_742,23,6.00E-05,140,1
756,0,2000,Run_756,30,1.00E-04,140,1
761,20,1000,Run_761,23,8.00E-05,140,1
773,20,1400,Run_773,30,8.00E-05,140,1
777,20,1600,Run_777,34,4.00E-05,140,1
784,20,1800,Run_784,38,6.00E-05,140,1
793,40,1000,Run_793,34,1.00E-05,140,1
798,40,1000,Run_798,32,1.00E-04,140,1
806,40,1400,Run_806,46,2.00E-05,140,1
820,40,1800,Run_820,58,6.00E-05,140,1
841,80,1400,Run_841,60,1.00E-05,140,1
865,100,1000,Run_865,40,1.00E-05,140,1
904,120,1000,Run_904,40,6.00E-05,140,1
942,140,1000,Run_942,37,1.00E-04,140,1
944,140,1200,Run_944,56,2.00E-05,140,1
975,160,1000,Run_975,38,4.00E-05,140,1
978,160,1000,Run_978,35,1.00E-04,140,1
986,160,1400,Run_986,86,2.00E-05,140,1
1010,180,1000,Run_1010,32,2.00E-05,140,1
1013,180,1000,Run_1013,27,8.00E-05,140,1
1051,200,1200,Run_1051,36,1.00E-05,140,1
1057,200,1400,Run_1057,56,1.00E-05,140,1
1077,200,2000,Run_1077,232,4.00E-05,140,1
1082,0,1000,Run_1082,15,2.00E-05,160,1
1094,0,1400,Run_1094,20,2.00E-05,160,1
1096,0,1400,Run_1096,21,6.00E-05,160,1
1099,0,1600,Run_1099,22,1.00E-05,160,1
1100,0,1600,Run_1100,22,2.00E-05,160,1
1108,0,1800,Run_1108,26,6.00E-05,160,1
1110,0,1800,Run_1110,28,1.00E-04,160,1
1121,20,1000,Run_1121,24,8.00E-05,160,1
1123,20,1200,Run_1123,28,1.00E-05,160,1
1128,20,1200,Run_1128,28,1.00E-04,160,1
1131,20,1400,Run_1131,32,4.00E-05,160,1
1146,20,1800,Run_1146,38,1.00E-04,160,1
1157,40,1000,Run_1157,30,8.00E-05,160,1
1158,40,1000,Run_1158,30,1.00E-04,160,1
1172,40,1600,Run_1172,54,2.00E-05,160,1
1189,80,1000,Run_1189,35,1.00E-05,160,1
1223,80,2000,Run_1223,62,8.00E-05,160,1
1234,100,1200,Run_1234,44,6.00E-05,160,1
1255,100,2000,Run_1255,66,1.00E-05,160,1
1257,100,2000,Run_1257,64,4.00E-05,160,1
1272,120,1200,Run_1272,43,1.00E-04,160,1
1283,120,1600,Run_1283,54,8.00E-05,160,1
1329,140,2000,Run_1329,66,4.00E-05,160,1
1334,160,1000,Run_1334,36,2.00E-05,160,1
1338,160,1000,Run_1338,32,1.00E-04,160,1
1339,160,1200,Run_1339,43,1.00E-05,160,1
1345,160,1400,Run_1345,51,1.00E-05,160,1
1347,160,1400,Run_1347,50,4.00E-05,160,1
1369,180,1000,Run_1369,30,1.00E-05,160,1
1371,180,1000,Run_1371,31,4.00E-05,160,1
1376,180,1200,Run_1376,38,2.00E-05,160,1
1378,180,1200,Run_1378,38,6.00E-05,160,1
1382,180,1400,Run_1382,47,2.00E-05,160,1
1405,200,1000,Run_1405,18,1.00E-05,160,1
1410,200,1000,Run_1410,17,1.00E-04,160,1
1420,200,1400,Run_1420,40,6.00E-05,160,1
1423,200,1600,Run_1423,48,1.00E-05,160,1
1424,200,1600,Run_1424,48,2.00E-05,160,1
1454,0,1400,Run_1454,20,2.00E-05,180,1
1455,0,1400,Run_1455,21,4.00E-05,180,1
1465,0,1800,Run_1465,25,1.00E-05,180,1
1471,0,2000,Run_1471,26,1.00E-05,180,1
1472,0,2000,Run_1472,28,2.00E-05,180,1
1477,20,1000,Run_1477,24,1.00E-05,180,1
1491,20,1400,Run_1491,30,4.00E-05,180,1
1498,20,1600,Run_1498,34,6.00E-05,180,1
1504,20,1800,Run_1504,38,6.00E-05,180,1
1516,40,1000,Run_1516,30,6.00E-05,180,1
1517,40,1000,Run_1517,30,8.00E-05,180,1
1534,40,1600,Run_1534,48,6.00E-05,180,1
1550,80,1000,Run_1550,35,2.00E-05,180,1
1554,80,1000,Run_1554,28,1.00E-04,180,1
1561,80,1400,Run_1561,49,1.00E-05,180,1
1623,120,1000,Run_1623,36,4.00E-05,180,1
1662,140,1000,Run_1662,30,1.00E-04,180,1
1663,140,1200,Run_1663,44,1.00E-05,180,1
1667,140,1200,Run_1667,40,8.00E-05,180,1
1680,140,1600,Run_1680,46,1.00E-04,180,1
1692,140,2000,Run_1692,50,1.00E-04,180,1
1709,160,1400,Run_1709,42,8.00E-05,180,1
1735,180,1200,Run_1735,34,1.00E-05,180,1
1780,200,1400,Run_1780,36,6.00E-05,180,1
1782,200,1400,Run_1782,34,1.00E-04,180,1
1788,200,1600,Run_1788,40,1.00E-04,180,1
1794,200,1800,Run_1794,41,1.00E-04,180,1
1801,0,1000,Run_1801,14,1.00E-05,200,1
1815,0,1400,Run_1815,20,4.00E-05,200,1
1820,0,1600,Run_1820,22,2.00E-05,200,1
1824,0,1600,Run_1824,24,1.00E-04,200,1
1831,0,2000,Run_1831,26,1.00E-05,200,1
1848,20,1200,Run_1848,27,1.00E-04,200,1
1849,20,1400,Run_1849,30,1.00E-05,200,1
1851,20,1400,Run_1851,30,4.00E-05,200,1
1853,20,1400,Run_1853,29,8.00E-05,200,1
1861,20,1800,Run_1861,34,1.00E-05,200,1
1863,20,1800,Run_1863,34,4.00E-05,200,1
1874,40,1000,Run_1874,30,2.00E-05,200,1
1936,80,1800,Run_1936,44,6.00E-05,200,1
1940,80,2000,Run_1940,49,2.00E-05,200,1
1941,80,2000,Run_1941,48,4.00E-05,200,1
1944,80,2000,Run_1944,44,1.00E-04,200,1
1946,100,1000,Run_1946,30,2.00E-05,200,1
1952,100,1200,Run_1952,36,2.00E-05,200,1
1973,100,1800,Run_1973,40,8.00E-05,200,1
1980,100,2000,Run_1980,41,1.00E-04,200,1
2022,140,1000,Run_2022,24,1.00E-04,200,1
2029,140,1400,Run_2029,38,1.00E-05,200,1
2035,140,1600,Run_2035,40,1.00E-05,200,1
2041,140,1800,Run_2041,42,1.00E-05,200,1
2063,160,1200,Run_2063,28,8.00E-05,200,1
2066,160,1400,Run_2066,35,2.00E-05,200,1
2080,160,1800,Run_2080,40,6.00E-05,200,1
2110,180,1600,Run_2110,36,6.00E-05,200,1
2117,180,1800,Run_2117,36,8.00E-05,200,1
2120,180,2000,Run_2120,41,2.00E-05,200,1
2132,200,1200,Run_2132,22,2.00E-05,200,1
2137,200,1400,Run_2137,28,1.00E-05,200,1
2138,200,1400,Run_2138,28,2.00E-05,200,1
2140,200,1400,Run_2140,27,6.00E-05,200,1
2142,200,1400,Run_2142,26,1.00E-04,200,1
2147,200,1600,Run_2147,30,8.00E-05,200,1
2164,0,1000,Run_2164,16,6.00E-05,220,1
2166,0,1000,Run_2166,16,1.00E-04,220,1
2169,0,1200,Run_2169,17,4.00E-05,220,1
2170,0,1200,Run_2170,17,6.00E-05,220,1
2173,0,1400,Run_2173,18,1.00E-05,220,1
2177,0,1400,Run_2177,19,8.00E-05,220,1
2178,0,1400,Run_2178,20,1.00E-04,220,1
2179,0,1600,Run_2179,18,1.00E-05,220,1
2180,0,1600,Run_2180,19,2.00E-05,220,1
2190,0,1800,Run_2190,22,1.00E-04,220,1
2203,20,1200,Run_2203,22,1.00E-05,220,1
2215,20,1600,Run_2215,26,1.00E-05,220,1
2216,20,1600,Run_2216,26,2.00E-05,220,1
2219,20,1600,Run_2219,26,8.00E-05,220,1
2220,20,1600,Run_2220,26,1.00E-04,220,1
2223,20,1800,Run_2223,28,4.00E-05,220,1
2224,20,1800,Run_2224,28,6.00E-05,220,1
2226,20,1800,Run_2226,28,1.00E-04,220,1
2236,40,1000,Run_2236,23,6.00E-05,220,1
2239,40,1200,Run_2239,26,1.00E-05,220,1
2242,40,1200,Run_2242,26,6.00E-05,220,1
2245,40,1400,Run_2245,29,1.00E-05,220,1
2260,40,1800,Run_2260,34,6.00E-05,220,1
2265,40,2000,Run_2265,38,4.00E-05,220,1
2266,40,2000,Run_2266,36,6.00E-05,220,1
2269,80,1000,Run_2269,19,1.00E-05,220,1
2270,80,1000,Run_2270,19,2.00E-05,220,1
2282,80,1400,Run_2282,28,2.00E-05,220,1
2310,100,1000,Run_2310,14,1.00E-04,220,1
2312,100,1200,Run_2312,24,2.00E-05,220,1
2313,100,1200,Run_2313,24,4.00E-05,220,1
2321,100,1400,Run_2321,24,8.00E-05,220,1
2324,100,1600,Run_2324,30,2.00E-05,220,1
2325,100,1600,Run_2325,30,4.00E-05,220,1
2335,100,2000,Run_2335,36,1.00E-05,220,1
2339,100,2000,Run_2339,30,8.00E-05,220,1
2340,100,2000,Run_2340,29,1.00E-04,220,1
2341,120,1000,Run_2341,18,1.00E-05,220,1
2342,120,1000,Run_2342,18,2.00E-05,220,1
2347,120,1200,Run_2347,24,1.00E-05,220,1
2349,120,1200,Run_2349,24,4.00E-05,220,1
2370,120,1800,Run_2370,28,1.00E-04,220,1
2387,140,1200,Run_2387,20,8.00E-05,220,1
2415,160,1000,Run_2415,14,4.00E-05,220,1
2416,160,1000,Run_2416,13,6.00E-05,220,1
2423,160,1200,Run_2423,18,8.00E-05,220,1
2436,160,1600,Run_2436,24,1.00E-04,220,1
2447,160,2000,Run_2447,30,8.00E-05,220,1
2449,180,1000,Run_2449,12,1.00E-05,220,1
2450,180,1000,Run_2450,12,2.00E-05,220,1
2452,180,1000,Run_2452,11,6.00E-05,220,1
2453,180,1000,Run_2453,8,8.00E-05,220,1
2463,180,1400,Run_2463,22,4.00E-05,220,1
2465,180,1400,Run_2465,20,8.00E-05,220,1
2466,180,1400,Run_2466,19,1.00E-04,220,1
2469,180,1600,Run_2469,26,4.00E-05,220,1
2474,180,1800,Run_2474,28,2.00E-05,220,1
2478,180,1800,Run_2478,25,1.00E-04,220,1
2482,180,2000,Run_2482,30,6.00E-05,220,1
2485,200,1000,Run_2485,6,1.00E-05,220,1
2486,200,1000,Run_2486,6,2.00E-05,220,1
2487,200,1000,Run_2487,6,4.00E-05,220,1
2488,200,1000,Run_2488,6,6.00E-05,220,1
2489,200,1000,Run_2489,6,8.00E-05,220,1
2490,200,1000,Run_2490,5,1.00E-04,220,1
2492,200,1200,Run_2492,12,2.00E-05,220,1
2495,200,1200,Run_2495,10,8.00E-05,220,1
2496,200,1200,Run_2496,10,1.00E-04,220,1
2498,200,1400,Run_2498,18,2.00E-05,220,1
2499,200,1400,Run_2499,18,4.00E-05,220,1
2513,200,1800,Run_2513,22,8.00E-05,220,1
2527,0,1200,Run_2527,14,1.00E-05,240,1
2538,0,1400,Run_2538,17,1.00E-04,240,1
2540,0,1600,Run_2540,17,2.00E-05,240,1
2541,0,1600,Run_2541,18,4.00E-05,240,1
2550,0,1800,Run_2550,20,1.00E-04,240,1
2552,0,2000,Run_2552,18,2.00E-05,240,1
2554,0,2000,Run_2554,20,6.00E-05,240,1
2563,20,1200,Run_2563,18,1.00E-05,240,1
2565,20,1200,Run_2565,18,4.00E-05,240,1
2595,40,1000,Run_2595,18,4.00E-05,240,1
2602,40,1200,Run_2602,20,6.00E-05,240,1
2603,40,1200,Run_2603,20,8.00E-05,240,1
2613,40,1600,Run_2613,25,4.00E-05,240,1
2614,40,1600,Run_2614,25,6.00E-05,240,1
2617,40,1800,Run_2617,28,1.00E-05,240,1
2620,40,1800,Run_2620,27,6.00E-05,240,1
2622,40,1800,Run_2622,26,1.00E-04,240,1
2627,40,2000,Run_2627,29,8.00E-05,240,1
2634,80,1000,Run_2634,10,1.00E-04,240,1
2645,80,1400,Run_2645,19,8.00E-05,240,1
2647,80,1600,Run_2647,25,1.00E-05,240,1
2655,80,1800,Run_2655,28,4.00E-05,240,1
2658,80,1800,Run_2658,24,1.00E-04,240,1
2669,100,1000,Run_2669,11,8.00E-05,240,1
2670,100,1000,Run_2670,10,1.00E-04,240,1
2682,100,1400,Run_2682,16,1.00E-04,240,1
2686,100,1600,Run_2686,24,6.00E-05,240,1
2700,100,2000,Run_2700,24,1.00E-04,240,1
2702,120,1000,Run_2702,14,2.00E-05,240,1
2706,120,1000,Run_2706,10,1.00E-04,240,1
2709,120,1200,Run_2709,19,4.00E-05,240,1
2711,120,1200,Run_2711,16,8.00E-05,240,1
2712,120,1200,Run_2712,15,1.00E-04,240,1
2714,120,1400,Run_2714,23,2.00E-05,240,1
2716,120,1400,Run_2716,21,6.00E-05,240,1
2717,120,1400,Run_2717,20,8.00E-05,240,1
2723,120,1600,Run_2723,23,8.00E-05,240,1
2724,120,1600,Run_2724,22,1.00E-04,240,1
2725,120,1800,Run_2725,28,1.00E-05,240,1
2726,120,1800,Run_2726,28,2.00E-05,240,1
2742,140,1000,Run_2742,9,1.00E-04,240,1
2761,140,1800,Run_2761,28,1.00E-05,240,1
2763,140,1800,Run_2763,28,4.00E-05,240,1
2774,160,1000,Run_2774,10,2.00E-05,240,1
2775,160,1000,Run_2775,9,4.00E-05,240,1
2776,160,1000,Run_2776,8,6.00E-05,240,1
2779,160,1200,Run_2779,14,1.00E-05,240,1
2783,160,1200,Run_2783,13,8.00E-05,240,1
2802,160,1800,Run_2802,23,1.00E-04,240,1
2803,160,2000,Run_2803,30,1.00E-05,240,1
2809,180,1000,Run_2809,7,1.00E-05,240,1
2810,180,1000,Run_2810,8,2.00E-05,240,1
2811,180,1000,Run_2811,8,4.00E-05,240,1
2812,180,1000,Run_2812,8,6.00E-05,240,1
2813,180,1000,Run_2813,5,8.00E-05,240,1
2818,180,1200,Run_2818,11,6.00E-05,240,1
2819,180,1200,Run_2819,10,8.00E-05,240,1
2820,180,1200,Run_2820,10,1.00E-04,240,1
2828,180,1600,Run_2828,21,2.00E-05,240,1
2831,180,1600,Run_2831,18,8.00E-05,240,1
2833,180,1800,Run_2833,25,1.00E-05,240,1
2838,180,1800,Run_2838,21,1.00E-04,240,1
2844,180,2000,Run_2844,24,1.00E-04,240,1
2846,200,1000,Run_2846,4,2.00E-05,240,1
2848,200,1000,Run_2848,4,6.00E-05,240,1
2849,200,1000,Run_2849,4,8.00E-05,240,1
2850,200,1000,Run_2850,3,1.00E-04,240,1
2851,200,1200,Run_2851,8,1.00E-05,240,1
2852,200,1200,Run_2852,8,2.00E-05,240,1
2854,200,1200,Run_2854,8,6.00E-05,240,1
2857,200,1400,Run_2857,14,1.00E-05,240,1
2862,200,1400,Run_2862,10,1.00E-04,240,1
2863,200,1600,Run_2863,18,1.00E-05,240,1
2871,200,1800,Run_2871,20,4.00E-05,240,1
2884,0,1000,Run_2884,12,6.00E-05,260,1
2894,0,1400,Run_2894,14,2.00E-05,260,1
2901,0,1600,Run_2901,16,4.00E-05,260,1
2904,0,1600,Run_2904,17,1.00E-04,260,1
2912,0,2000,Run_2912,17,2.00E-05,260,1
2919,20,1000,Run_2919,16,4.00E-05,260,1
2921,20,1000,Run_2921,16,8.00E-05,260,1
2924,20,1200,Run_2924,17,2.00E-05,260,1
2935,20,1600,Run_2935,20,1.00E-05,260,1
2939,20,1600,Run_2939,20,8.00E-05,260,1
2940,20,1600,Run_2940,20,1.00E-04,260,1
2943,20,1800,Run_2943,22,4.00E-05,260,1
2953,40,1000,Run_2953,17,1.00E-05,260,1
2955,40,1000,Run_2955,17,4.00E-05,260,1
2959,40,1200,Run_2959,19,1.00E-05,260,1
2961,40,1200,Run_2961,20,4.00E-05,260,1
2965,40,1400,Run_2965,22,1.00E-05,260,1
2972,40,1600,Run_2972,24,2.00E-05,260,1
2973,40,1600,Run_2973,24,4.00E-05,260,1
2976,40,1600,Run_2976,23,1.00E-04,260,1
2982,40,1800,Run_2982,25,1.00E-04,260,1
2984,40,2000,Run_2984,28,2.00E-05,260,1
2986,40,2000,Run_2986,28,6.00E-05,260,1
2988,40,2000,Run_2988,28,1.00E-04,260,1
2993,80,1000,Run_2993,10,8.00E-05,260,1
2994,80,1000,Run_2994,9,1.00E-04,260,1
2997,80,1200,Run_2997,15,4.00E-05,260,1
2998,80,1200,Run_2998,14,6.00E-05,260,1
2999,80,1200,Run_2999,12,8.00E-05,260,1
3007,80,1600,Run_3007,22,1.00E-05,260,1
3011,80,1600,Run_3011,18,8.00E-05,260,1
3012,80,1600,Run_3012,16,1.00E-04,260,1
3017,80,1800,Run_3017,21,8.00E-05,260,1
3026,100,1000,Run_3026,12,2.00E-05,260,1
3028,100,1000,Run_3028,10,6.00E-05,260,1
3030,100,1000,Run_3030,8,1.00E-04,260,1
3034,100,1200,Run_3034,14,6.00E-05,260,1
3038,100,1400,Run_3038,18,2.00E-05,260,1
3047,100,1600,Run_3047,17,8.00E-05,260,1
3053,100,1800,Run_3053,20,8.00E-05,260,1
3064,120,1000,Run_3064,10,6.00E-05,260,1
3065,120,1000,Run_3065,10,8.00E-05,260,1
3066,120,1000,Run_3066,9,1.00E-04,260,1
3072,120,1200,Run_3072,12,1.00E-04,260,1
3076,120,1400,Run_3076,18,6.00E-05,260,1
3080,120,1600,Run_3080,22,2.00E-05,260,1
3095,120,2000,Run_3095,43,8.00E-05,260,1
3098,140,1000,Run_3098,10,2.00E-05,260,1
3100,140,1000,Run_3100,10,6.00E-05,260,1
3101,140,1000,Run_3101,10,8.00E-05,260,1
3102,140,1000,Run_3102,8,1.00E-04,260,1
3111,140,1400,Run_3111,18,4.00E-05,260,1
3118,140,1600,Run_3118,20,6.00E-05,260,1
3120,140,1600,Run_3120,17,1.00E-04,260,1
3135,160,1000,Run_3135,8,4.00E-05,260,1
3136,160,1000,Run_3136,8,6.00E-05,260,1
3137,160,1000,Run_3137,8,8.00E-05,260,1
3143,160,1200,Run_3143,11,8.00E-05,260,1
3144,160,1200,Run_3144,10,1.00E-04,260,1
3145,160,1400,Run_3145,16,1.00E-05,260,1
3152,160,1600,Run_3152,20,2.00E-05,260,1
3155,160,1600,Run_3155,18,8.00E-05,260,1
3156,160,1600,Run_3156,16,1.00E-04,260,1
3158,160,1800,Run_3158,36,2.00E-05,260,1
3170,180,1000,Run_3170,6,2.00E-05,260,1
3171,180,1000,Run_3171,6,4.00E-05,260,1
3173,180,1000,Run_3173,6,8.00E-05,260,1
3174,180,1000,Run_3174,5,1.00E-04,260,1
3175,180,1200,Run_3175,10,1.00E-05,260,1
3176,180,1200,Run_3176,10,2.00E-05,260,1
3177,180,1200,Run_3177,10,4.00E-05,260,1
3178,180,1200,Run_3178,9,6.00E-05,260,1
3185,180,1400,Run_3185,12,8.00E-05,260,1
3188,180,1600,Run_3188,18,2.00E-05,260,1
3189,180,1600,Run_3189,18,4.00E-05,260,1
3190,180,1600,Run_3190,17,6.00E-05,260,1
3198,180,1800,Run_3198,26,1.00E-04,260,1
3206,200,1000,Run_3206,4,2.00E-05,260,1
3210,200,1000,Run_3210,4,1.00E-04,260,1
3211,200,1200,Run_3211,7,1.00E-05,260,1
3212,200,1200,Run_3212,7,2.00E-05,260,1
3214,200,1200,Run_3214,7,6.00E-05,260,1
3218,200,1400,Run_3218,10,2.00E-05,260,1
3219,200,1400,Run_3219,10,4.00E-05,260,1
3221,200,1400,Run_3221,10,8.00E-05,260,1
3222,200,1400,Run_3222,10,1.00E-04,260,1
3224,200,1600,Run_3224,15,2.00E-05,260,1
3247,0,1200,Run_3247,14,1.00E-05,280,1
3249,0,1200,Run_3249,14,4.00E-05,280,1
3250,0,1200,Run_3250,14,6.00E-05,280,1
3252,0,1200,Run_3252,15,1.00E-04,280,1
3254,0,1400,Run_3254,14,2.00E-05,280,1
3256,0,1400,Run_3256,16,6.00E-05,280,1
3259,0,1600,Run_3259,16,1.00E-05,280,1
3268,0,1800,Run_3268,18,6.00E-05,280,1
3277,20,1000,Run_3277,16,1.00E-05,280,1
3282,20,1000,Run_3282,16,1.00E-04,280,1
3283,20,1200,Run_3283,17,1.00E-05,280,1
3287,20,1200,Run_3287,18,8.00E-05,280,1
3297,20,1600,Run_3297,20,4.00E-05,280,1
3305,20,1800,Run_3305,22,8.00E-05,280,1
3306,20,1800,Run_3306,22,1.00E-04,280,1
3315,40,1000,Run_3315,17,4.00E-05,280,1
3318,40,1000,Run_3318,17,1.00E-04,280,1
3320,40,1200,Run_3320,18,2.00E-05,280,1
3321,40,1200,Run_3321,19,4.00E-05,280,1
3330,40,1400,Run_3330,20,1.00E-04,280,1
3341,40,1800,Run_3341,25,8.00E-05,280,1
3353,80,1000,Run_3353,10,8.00E-05,280,1
3354,80,1000,Run_3354,10,1.00E-04,280,1
3376,80,1800,Run_3376,30,6.00E-05,280,1
3387,100,1000,Run_3387,12,4.00E-05,280,1
3389,100,1000,Run_3389,9,8.00E-05,280,1
3390,100,1000,Run_3390,8,1.00E-04,280,1
3391,100,1200,Run_3391,16,1.00E-05,280,1
3394,100,1200,Run_3394,15,6.00E-05,280,1
3399,100,1400,Run_3399,20,4.00E-05,280,1
3411,100,1800,Run_3411,34,4.00E-05,280,1
3423,120,1000,Run_3423,12,4.00E-05,280,1
3424,120,1000,Run_3424,10,6.00E-05,280,1
3425,120,1000,Run_3425,10,8.00E-05,280,1
3426,120,1000,Run_3426,9,1.00E-04,280,1
3427,120,1200,Run_3427,18,1.00E-05,280,1
3433,120,1400,Run_3433,24,1.00E-05,280,1
3448,120,1800,Run_3448,40,6.00E-05,280,1
3457,140,1000,Run_3457,10,1.00E-05,280,1
3460,140,1000,Run_3460,10,6.00E-05,280,1
3462,140,1000,Run_3462,8,1.00E-04,280,1
3464,140,1200,Run_3464,18,2.00E-05,280,1
3469,140,1400,Run_3469,25,1.00E-05,280,1
3494,160,1000,Run_3494,8,2.00E-05,280,1
3496,160,1000,Run_3496,8,6.00E-05,280,1
3497,160,1000,Run_3497,7,8.00E-05,280,1
3498,160,1000,Run_3498,6,1.00E-04,280,1
3501,160,1200,Run_3501,14,4.00E-05,280,1
3509,160,1400,Run_3509,22,8.00E-05,280,1
3510,160,1400,Run_3510,22,1.00E-04,280,1
3511,160,1600,Run_3511,32,1.00E-05,280,1
3516,160,1600,Run_3516,28,1.00E-04,280,1
3520,160,1800,Run_3520,54,6.00E-05,280,1
3529,180,1000,Run_3529,6,1.00E-05,280,1
3530,180,1000,Run_3530,6,2.00E-05,280,1
3531,180,1000,Run_3531,6,4.00E-05,280,1
3532,180,1000,Run_3532,6,6.00E-05,280,1
3534,180,1000,Run_3534,4,1.00E-04,280,1
3535,180,1200,Run_3535,10,1.00E-05,280,1
3536,180,1200,Run_3536,10,2.00E-05,280,1
3537,180,1200,Run_3537,10,4.00E-05,280,1
3539,180,1200,Run_3539,8,8.00E-05,280,1
3540,180,1200,Run_3540,8,1.00E-04,280,1
3547,180,1600,Run_3547,28,1.00E-05,280,1
3556,180,1800,Run_3556,42,6.00E-05,280,1
3566,200,1000,Run_3566,4,2.00E-05,280,1
3567,200,1000,Run_3567,4,4.00E-05,280,1
3568,200,1000,Run_3568,4,6.00E-05,280,1
3569,200,1000,Run_3569,3,8.00E-05,280,1
3570,200,1000,Run_3570,3,1.00E-04,280,1
3571,200,1200,Run_3571,7,1.00E-05,280,1
3572,200,1200,Run_3572,8,2.00E-05,280,1
3574,200,1200,Run_3574,8,6.00E-05,280,1
3575,200,1200,Run_3575,7,8.00E-05,280,1
3576,200,1200,Run_3576,6,1.00E-04,280,1
3579,200,1400,Run_3579,14,4.00E-05,280,1
3586,200,1600,Run_3586,22,6.00E-05,280,1
3593,200,1800,Run_3593,26,8.00E-05,280,1
3610,0,1200,Run_3610,15,6.00E-05,300,1
3615,0,1400,Run_3615,16,4.00E-05,300,1
3618,0,1400,Run_3618,17,1.00E-04,300,1
3619,0,1600,Run_3619,16,1.00E-05,300,1
3620,0,1600,Run_3620,17,2.00E-05,300,1
3624,0,1600,Run_3624,18,1.00E-04,300,1
3628,0,1800,Run_3628,19,6.00E-05,300,1
3639,20,1000,Run_3639,17,4.00E-05,300,1
3641,20,1000,Run_3641,17,8.00E-05,300,1
3656,20,1600,Run_3656,22,2.00E-05,300,1
3657,20,1600,Run_3657,22,4.00E-05,300,1
3663,20,1800,Run_3663,25,4.00E-05,300,1
3665,20,1800,Run_3665,25,8.00E-05,300,1
3688,40,1400,Run_3688,30,6.00E-05,300,1
3689,40,1400,Run_3689,28,8.00E-05,300,1
3715,80,1200,Run_3715,30,1.00E-05,300,1
3745,100,1000,Run_3745,24,1.00E-05,300,1
3748,100,1000,Run_3748,22,6.00E-05,300,1
3749,100,1000,Run_3749,20,8.00E-05,300,1
3753,100,1200,Run_3753,36,4.00E-05,300,1
3756,100,1200,Run_3756,27,1.00E-04,300,1
3768,100,1600,Run_3768,52,1.00E-04,300,1
3791,120,1200,Run_3791,38,8.00E-05,300,1
3809,120,1800,Run_3809,84,8.00E-05,300,1
3824,140,1200,Run_3824,40,2.00E-05,300,1
3835,140,1600,Run_3835,82,1.00E-05,300,1
3893,180,1000,Run_3893,14,8.00E-05,300,1
3926,200,1000,Run_3926,8,2.00E-05,300,1
3928,200,1000,Run_3928,9,6.00E-05,300,1
3929,200,1000,Run_3929,8,8.00E-05,300,1
49,20,1400,Run_49,31,1.00E-05,100,2
68,20,2000,Run_68,44,2.00E-05,100,2
72,20,2000,Run_72,42,1.00E-04,100,2
79,40,1200,Run_79,37,1.00E-05,100,2
80,40,1200,Run_80,37,2.00E-05,100,2
84,40,1200,Run_84,36,1.00E-04,100,2
87,40,1400,Run_87,46,4.00E-05,100,2
91,40,1600,Run_91,54,1.00E-05,100,2
94,40,1600,Run_94,52,6.00E-05,100,2
95,40,1600,Run_95,50,8.00E-05,100,2
99,40,1800,Run_99,70,4.00E-05,100,2
101,40,1800,Run_101,60,8.00E-05,100,2
102,40,1800,Run_102,55,1.00E-04,100,2
109,80,1000,Run_109,48,1.00E-05,100,2
119,80,1200,Run_119,79,8.00E-05,100,2
150,100,1000,Run_150,62,1.00E-04,100,2
258,160,1000,Run_258,132,1.00E-04,100,2
326,200,1000,Run_326,32,2.00E-05,100,2
364,0,1000,Run_364,16,6.00E-05,120,2
388,0,1800,Run_388,27,6.00E-05,120,2
417,20,1600,Run_417,33,4.00E-05,120,2
422,20,1800,Run_422,38,2.00E-05,120,2
429,20,2000,Run_429,41,4.00E-05,120,2
431,20,2000,Run_431,40,8.00E-05,120,2
452,40,1600,Run_452,51,2.00E-05,120,2
454,40,1600,Run_454,48,6.00E-05,120,2
458,40,1800,Run_458,58,2.00E-05,120,2
459,40,1800,Run_459,56,4.00E-05,120,2
476,80,1200,Run_476,74,2.00E-05,120,2
506,100,1000,Run_506,56,2.00E-05,120,2
507,100,1000,Run_507,53,4.00E-05,120,2
511,100,1200,Run_511,139,1.00E-05,120,2
541,120,1000,Run_541,80,1.00E-05,120,2
545,120,1000,Run_545,68,8.00E-05,120,2
577,140,1000,Run_577,79,1.00E-05,120,2
578,140,1000,Run_578,70,2.00E-05,120,2
581,140,1000,Run_581,73,8.00E-05,120,2
588,140,1200,Run_588,184,1.00E-04,120,2
615,160,1000,Run_615,67,4.00E-05,120,2
652,180,1000,Run_652,39,6.00E-05,120,2
692,200,1200,Run_692,80,2.00E-05,120,2
769,20,1400,Run_769,32,1.00E-05,140,2
776,20,1600,Run_776,34,2.00E-05,140,2
781,20,1800,Run_781,38,1.00E-05,140,2
797,40,1000,Run_797,32,8.00E-05,140,2
812,40,1600,Run_812,53,2.00E-05,140,2
816,40,1600,Run_816,47,1.00E-04,140,2
819,40,1800,Run_819,58,4.00E-05,140,2
820,40,1800,Run_820,58,6.00E-05,140,2
821,40,1800,Run_821,56,8.00E-05,140,2
822,40,1800,Run_822,54,1.00E-04,140,2
825,40,2000,Run_825,66,4.00E-05,140,2
830,80,1000,Run_830,37,2.00E-05,140,2
837,80,1200,Run_837,47,4.00E-05,140,2
839,80,1200,Run_839,40,8.00E-05,140,2
841,80,1400,Run_841,60,1.00E-05,140,2
843,80,1400,Run_843,60,4.00E-05,140,2
844,80,1400,Run_844,56,6.00E-05,140,2
848,80,1600,Run_848,70,2.00E-05,140,2
852,80,1600,Run_852,58,1.00E-04,140,2
854,80,1800,Run_854,94,2.00E-05,140,2
857,80,1800,Run_857,76,8.00E-05,140,2
871,100,1200,Run_871,54,1.00E-05,140,2
872,100,1200,Run_872,56,2.00E-05,140,2
880,100,1400,Run_880,60,6.00E-05,140,2
882,100,1400,Run_882,52,1.00E-04,140,2
902,120,1000,Run_902,42,2.00E-05,140,2
904,120,1000,Run_904,40,6.00E-05,140,2
906,120,1000,Run_906,37,1.00E-04,140,2
908,120,1200,Run_908,58,2.00E-05,140,2
910,120,1200,Run_910,57,6.00E-05,140,2
911,120,1200,Run_911,54,8.00E-05,140,2
912,120,1200,Run_912,52,1.00E-04,140,2
915,120,1400,Run_915,79,4.00E-05,140,2
916,120,1400,Run_916,76,6.00E-05,140,2
938,140,1000,Run_938,42,2.00E-05,140,2
939,140,1000,Run_939,42,4.00E-05,140,2
941,140,1000,Run_941,40,8.00E-05,140,2
942,140,1000,Run_942,37,1.00E-04,140,2
945,140,1200,Run_945,59,4.00E-05,140,2
946,140,1200,Run_946,58,6.00E-05,140,2
947,140,1200,Run_947,54,8.00E-05,140,2
948,140,1200,Run_948,52,1.00E-04,140,2
952,140,1400,Run_952,90,6.00E-05,140,2
954,140,1400,Run_954,73,1.00E-04,140,2
974,160,1000,Run_974,38,2.00E-05,140,2
980,160,1200,Run_980,54,2.00E-05,140,2
981,160,1200,Run_981,54,4.00E-05,140,2
983,160,1200,Run_983,52,8.00E-05,140,2
990,160,1400,Run_990,74,1.00E-04,140,2
1009,180,1000,Run_1009,32,1.00E-05,140,2
1010,180,1000,Run_1010,32,2.00E-05,140,2
1012,180,1000,Run_1012,32,6.00E-05,140,2
1015,180,1200,Run_1015,45,1.00E-05,140,2
1025,180,1400,Run_1025,72,8.00E-05,140,2
1057,200,1400,Run_1057,56,1.00E-05,140,2
1062,200,1400,Run_1062,51,1.00E-04,140,2
1069,200,1800,Run_1069,154,1.00E-05,140,2
1106,0,1800,Run_1106,25,2.00E-05,160,2
1121,20,1000,Run_1121,24,8.00E-05,160,2
1137,20,1600,Run_1137,34,4.00E-05,160,2
1139,20,1600,Run_1139,34,8.00E-05,160,2
1144,20,1800,Run_1144,38,6.00E-05,160,2
1151,20,2000,Run_1151,42,8.00E-05,160,2
1154,40,1000,Run_1154,32,2.00E-05,160,2
1155,40,1000,Run_1155,32,4.00E-05,160,2
1160,40,1200,Run_1160,38,2.00E-05,160,2
1163,40,1200,Run_1163,36,8.00E-05,160,2
1165,40,1400,Run_1165,47,1.00E-05,160,2
1166,40,1400,Run_1166,47,2.00E-05,160,2
1169,40,1400,Run_1169,42,8.00E-05,160,2
1171,40,1600,Run_1171,54,1.00E-05,160,2
1172,40,1600,Run_1172,54,2.00E-05,160,2
1176,40,1600,Run_1176,49,1.00E-04,160,2
1177,40,1800,Run_1177,60,1.00E-05,160,2
1180,40,1800,Run_1180,58,6.00E-05,160,2
1181,40,1800,Run_1181,56,8.00E-05,160,2
1182,40,1800,Run_1182,54,1.00E-04,160,2
1184,40,2000,Run_1184,65,2.00E-05,160,2
1187,40,2000,Run_1187,60,8.00E-05,160,2
1190,80,1000,Run_1190,36,2.00E-05,160,2
1197,80,1200,Run_1197,45,4.00E-05,160,2
1198,80,1200,Run_1198,43,6.00E-05,160,2
1202,80,1400,Run_1202,53,2.00E-05,160,2
1205,80,1400,Run_1205,48,8.00E-05,160,2
1209,80,1600,Run_1209,56,4.00E-05,160,2
1210,80,1600,Run_1210,54,6.00E-05,160,2
1216,80,1800,Run_1216,60,6.00E-05,160,2
1217,80,1800,Run_1217,58,8.00E-05,160,2
1219,80,2000,Run_1219,70,1.00E-05,160,2
1220,80,2000,Run_1220,70,2.00E-05,160,2
1222,80,2000,Run_1222,66,6.00E-05,160,2
1229,100,1000,Run_1229,33,8.00E-05,160,2
1233,100,1200,Run_1233,47,4.00E-05,160,2
1238,100,1400,Run_1238,50,2.00E-05,160,2
1244,100,1600,Run_1244,57,2.00E-05,160,2
1246,100,1600,Run_1246,54,6.00E-05,160,2
1249,100,1800,Run_1249,60,1.00E-05,160,2
1250,100,1800,Run_1250,60,2.00E-05,160,2
1253,100,1800,Run_1253,56,8.00E-05,160,2
1259,100,2000,Run_1259,58,8.00E-05,160,2
1260,100,2000,Run_1260,56,1.00E-04,160,2
1265,120,1000,Run_1265,38,8.00E-05,160,2
1267,120,1200,Run_1267,48,1.00E-05,160,2
1268,120,1200,Run_1268,48,2.00E-05,160,2
1269,120,1200,Run_1269,47,4.00E-05,160,2
1270,120,1200,Run_1270,46,6.00E-05,160,2
1271,120,1200,Run_1271,44,8.00E-05,160,2
1273,120,1400,Run_1273,52,1.00E-05,160,2
1275,120,1400,Run_1275,51,4.00E-05,160,2
1277,120,1400,Run_1277,49,8.00E-05,160,2
1279,120,1600,Run_1279,58,1.00E-05,160,2
1280,120,1600,Run_1280,58,2.00E-05,160,2
1284,120,1600,Run_1284,52,1.00E-04,160,2
1286,120,1800,Run_1286,60,2.00E-05,160,2
1287,120,1800,Run_1287,60,4.00E-05,160,2
1288,120,1800,Run_1288,58,6.00E-05,160,2
1289,120,1800,Run_1289,56,8.00E-05,160,2
1296,120,2000,Run_1296,60,1.00E-04,160,2
1307,140,1200,Run_1307,44,8.00E-05,160,2
1311,140,1400,Run_1311,52,4.00E-05,160,2
1313,140,1400,Run_1313,50,8.00E-05,160,2
1315,140,1600,Run_1315,58,1.00E-05,160,2
1316,140,1600,Run_1316,58,2.00E-05,160,2
1317,140,1600,Run_1317,58,4.00E-05,160,2
1321,140,1800,Run_1321,61,1.00E-05,160,2
1322,140,1800,Run_1322,60,2.00E-05,160,2
1323,140,1800,Run_1323,60,4.00E-05,160,2
1325,140,1800,Run_1325,58,8.00E-05,160,2
1327,140,2000,Run_1327,65,1.00E-05,160,2
1328,140,2000,Run_1328,64,2.00E-05,160,2
1332,140,2000,Run_1332,60,1.00E-04,160,2
1333,160,1000,Run_1333,36,1.00E-05,160,2
1345,160,1400,Run_1345,51,1.00E-05,160,2
1346,160,1400,Run_1346,50,2.00E-05,160,2
1347,160,1400,Run_1347,50,4.00E-05,160,2
1351,160,1600,Run_1351,58,1.00E-05,160,2
1353,160,1600,Run_1353,56,4.00E-05,160,2
1354,160,1600,Run_1354,55,6.00E-05,160,2
1356,160,1600,Run_1356,50,1.00E-04,160,2
1360,160,1800,Run_1360,60,6.00E-05,160,2
1362,160,1800,Run_1362,56,1.00E-04,160,2
1381,180,1400,Run_1381,48,1.00E-05,160,2
1382,180,1400,Run_1382,47,2.00E-05,160,2
1384,180,1400,Run_1384,46,6.00E-05,160,2
1385,180,1400,Run_1385,44,8.00E-05,160,2
1387,180,1600,Run_1387,54,1.00E-05,160,2
1390,180,1600,Run_1390,52,6.00E-05,160,2
1392,180,1600,Run_1392,48,1.00E-04,160,2
1393,180,1800,Run_1393,60,1.00E-05,160,2
1396,180,1800,Run_1396,58,6.00E-05,160,2
1398,180,1800,Run_1398,54,1.00E-04,160,2
1403,180,2000,Run_1403,60,8.00E-05,160,2
1417,200,1400,Run_1417,42,1.00E-05,160,2
1419,200,1400,Run_1419,40,4.00E-05,160,2
1430,200,1800,Run_1430,54,2.00E-05,160,2
1433,200,1800,Run_1433,50,8.00E-05,160,2
1435,200,2000,Run_1435,60,1.00E-05,160,2
1436,200,2000,Run_1436,60,2.00E-05,160,2
1439,200,2000,Run_1439,55,8.00E-05,160,2
1447,0,1200,Run_1447,18,1.00E-05,180,2
1490,20,1400,Run_1490,31,2.00E-05,180,2
1498,20,1600,Run_1498,34,6.00E-05,180,2
1501,20,1800,Run_1501,39,1.00E-05,180,2
1502,20,1800,Run_1502,39,2.00E-05,180,2
1503,20,1800,Run_1503,38,4.00E-05,180,2
1504,20,1800,Run_1504,38,6.00E-05,180,2
1507,20,2000,Run_1507,44,1.00E-05,180,2
1513,40,1000,Run_1513,32,1.00E-05,180,2
1515,40,1000,Run_1515,32,4.00E-05,180,2
1522,40,1200,Run_1522,36,6.00E-05,180,2
1523,40,1200,Run_1523,36,8.00E-05,180,2
1526,40,1400,Run_1526,46,2.00E-05,180,2
1529,40,1400,Run_1529,42,8.00E-05,180,2
1530,40,1400,Run_1530,42,1.00E-04,180,2
1534,40,1600,Run_1534,48,6.00E-05,180,2
1535,40,1600,Run_1535,47,8.00E-05,180,2
1536,40,1600,Run_1536,47,1.00E-04,180,2
1547,40,2000,Run_1547,58,8.00E-05,180,2
1548,40,2000,Run_1548,56,1.00E-04,180,2
1552,80,1000,Run_1552,32,6.00E-05,180,2
1553,80,1000,Run_1553,28,8.00E-05,180,2
1555,80,1200,Run_1555,42,1.00E-05,180,2
1557,80,1200,Run_1557,42,4.00E-05,180,2
1561,80,1400,Run_1561,49,1.00E-05,180,2
1564,80,1400,Run_1564,46,6.00E-05,180,2
1568,80,1600,Run_1568,52,2.00E-05,180,2
1571,80,1600,Run_1571,48,8.00E-05,180,2
1578,80,1800,Run_1578,50,1.00E-04,180,2
1582,80,2000,Run_1582,56,6.00E-05,180,2
1592,100,1200,Run_1592,43,2.00E-05,180,2
1597,100,1400,Run_1597,46,1.00E-05,180,2
1598,100,1400,Run_1598,46,2.00E-05,180,2
1601,100,1400,Run_1601,40,8.00E-05,180,2
1604,100,1600,Run_1604,52,2.00E-05,180,2
1605,100,1600,Run_1605,50,4.00E-05,180,2
1606,100,1600,Run_1606,49,6.00E-05,180,2
1608,100,1600,Run_1608,44,1.00E-04,180,2
1612,100,1800,Run_1612,51,6.00E-05,180,2
1615,100,2000,Run_1615,56,1.00E-05,180,2
1616,100,2000,Run_1616,56,2.00E-05,180,2
1617,100,2000,Run_1617,55,4.00E-05,180,2
1622,120,1000,Run_1622,36,2.00E-05,180,2
1625,120,1000,Run_1625,34,8.00E-05,180,2
1632,120,1200,Run_1632,38,1.00E-04,180,2
1633,120,1400,Run_1633,47,1.00E-05,180,2
1634,120,1400,Run_1634,47,2.00E-05,180,2
1635,120,1400,Run_1635,46,4.00E-05,180,2
1636,120,1400,Run_1636,46,6.00E-05,180,2
1640,120,1600,Run_1640,50,2.00E-05,180,2
1641,120,1600,Run_1641,50,4.00E-05,180,2
1642,120,1600,Run_1642,50,6.00E-05,180,2
1646,120,1800,Run_1646,52,2.00E-05,180,2
1648,120,1800,Run_1648,51,6.00E-05,180,2
1649,120,1800,Run_1649,49,8.00E-05,180,2
1650,120,1800,Run_1650,48,1.00E-04,180,2
1652,120,2000,Run_1652,56,2.00E-05,180,2
1653,120,2000,Run_1653,55,4.00E-05,180,2
1656,120,2000,Run_1656,50,1.00E-04,180,2
1659,140,1000,Run_1659,36,4.00E-05,180,2
1664,140,1200,Run_1664,43,2.00E-05,180,2
1665,140,1200,Run_1665,43,4.00E-05,180,2
1671,140,1400,Run_1671,46,4.00E-05,180,2
1675,140,1600,Run_1675,50,1.00E-05,180,2
1676,140,1600,Run_1676,50,2.00E-05,180,2
1681,140,1800,Run_1681,52,1.00E-05,180,2
1683,140,1800,Run_1683,52,4.00E-05,180,2
1685,140,1800,Run_1685,50,8.00E-05,180,2
1691,140,2000,Run_1691,52,8.00E-05,180,2
1692,140,2000,Run_1692,50,1.00E-04,180,2
1700,160,1200,Run_1700,40,2.00E-05,180,2
1704,160,1200,Run_1704,35,1.00E-04,180,2
1705,160,1400,Run_1705,45,1.00E-05,180,2
1707,160,1400,Run_1707,44,4.00E-05,180,2
1709,160,1400,Run_1709,42,8.00E-05,180,2
1712,160,1600,Run_1712,48,2.00E-05,180,2
1713,160,1600,Run_1713,48,4.00E-05,180,2
1714,160,1600,Run_1714,48,6.00E-05,180,2
1718,160,1800,Run_1718,52,2.00E-05,180,2
1721,160,1800,Run_1721,48,8.00E-05,180,2
1722,160,1800,Run_1722,48,1.00E-04,180,2
1723,160,2000,Run_1723,54,1.00E-05,180,2
1725,160,2000,Run_1725,54,4.00E-05,180,2
1726,160,2000,Run_1726,54,6.00E-05,180,2
1742,180,1400,Run_1742,42,2.00E-05,180,2
1745,180,1400,Run_1745,39,8.00E-05,180,2
1747,180,1600,Run_1747,46,1.00E-05,180,2
1748,180,1600,Run_1748,46,2.00E-05,180,2
1754,180,1800,Run_1754,49,2.00E-05,180,2
1758,180,1800,Run_1758,44,1.00E-04,180,2
1759,180,2000,Run_1759,51,1.00E-05,180,2
1762,180,2000,Run_1762,52,6.00E-05,180,2
1784,200,1600,Run_1784,42,2.00E-05,180,2
1785,200,1600,Run_1785,42,4.00E-05,180,2
1786,200,1600,Run_1786,42,6.00E-05,180,2
1792,200,1800,Run_1792,44,6.00E-05,180,2
1793,200,1800,Run_1793,42,8.00E-05,180,2
1797,200,2000,Run_1797,48,4.00E-05,180,2
1800,200,2000,Run_1800,44,1.00E-04,180,2
1841,20,1000,Run_1841,24,8.00E-05,200,2
1858,20,1600,Run_1858,31,6.00E-05,200,2
1860,20,1600,Run_1860,32,1.00E-04,200,2
1863,20,1800,Run_1863,34,4.00E-05,200,2
1866,20,1800,Run_1866,34,1.00E-04,200,2
1868,20,2000,Run_1868,38,2.00E-05,200,2
1869,20,2000,Run_1869,38,4.00E-05,200,2
1871,20,2000,Run_1871,38,8.00E-05,200,2
1872,20,2000,Run_1872,38,1.00E-04,200,2
1884,40,1200,Run_1884,32,1.00E-04,200,2
1887,40,1400,Run_1887,38,4.00E-05,200,2
1888,40,1400,Run_1888,38,6.00E-05,200,2
1889,40,1400,Run_1889,36,8.00E-05,200,2
1891,40,1600,Run_1891,42,1.00E-05,200,2
1893,40,1600,Run_1893,42,4.00E-05,200,2
1895,40,1600,Run_1895,40,8.00E-05,200,2
1897,40,1800,Run_1897,46,1.00E-05,200,2
1902,40,1800,Run_1902,42,1.00E-04,200,2
1906,40,2000,Run_1906,48,6.00E-05,200,2
1915,80,1200,Run_1915,34,1.00E-05,200,2
1916,80,1200,Run_1916,34,2.00E-05,200,2
1917,80,1200,Run_1917,34,4.00E-05,200,2
1922,80,1400,Run_1922,40,2.00E-05,200,2
1924,80,1400,Run_1924,38,6.00E-05,200,2
1927,80,1600,Run_1927,43,1.00E-05,200,2
1930,80,1600,Run_1930,41,6.00E-05,200,2
1931,80,1600,Run_1931,40,8.00E-05,200,2
1937,80,1800,Run_1937,43,8.00E-05,200,2
1939,80,2000,Run_1939,49,1.00E-05,200,2
1941,80,2000,Run_1941,48,4.00E-05,200,2
1942,80,2000,Run_1942,46,6.00E-05,200,2
1952,100,1200,Run_1952,36,2.00E-05,200,2
1953,100,1200,Run_1953,35,4.00E-05,200,2
1954,100,1200,Run_1954,33,6.00E-05,200,2
1957,100,1400,Run_1957,38,1.00E-05,200,2
1960,100,1400,Run_1960,35,6.00E-05,200,2
1961,100,1400,Run_1961,34,8.00E-05,200,2
1967,100,1600,Run_1967,38,8.00E-05,200,2
1971,100,1800,Run_1971,44,4.00E-05,200,2
1977,100,2000,Run_1977,45,4.00E-05,200,2
1979,100,2000,Run_1979,42,8.00E-05,200,2
1980,100,2000,Run_1980,41,1.00E-04,200,2
1991,120,1200,Run_1991,32,8.00E-05,200,2
1992,120,1200,Run_1992,32,1.00E-04,200,2
1998,120,1400,Run_1998,34,1.00E-04,200,2
2000,120,1600,Run_2000,42,2.00E-05,200,2
2003,120,1600,Run_2003,38,8.00E-05,200,2
2005,120,1800,Run_2005,42,1.00E-05,200,2
2006,120,1800,Run_2006,42,2.00E-05,200,2
2010,120,1800,Run_2010,39,1.00E-04,200,2
2016,120,2000,Run_2016,42,1.00E-04,200,2
2026,140,1200,Run_2026,33,6.00E-05,200,2
2029,140,1400,Run_2029,38,1.00E-05,200,2
2031,140,1400,Run_2031,37,4.00E-05,200,2
2032,140,1400,Run_2032,36,6.00E-05,200,2
2034,140,1400,Run_2034,34,1.00E-04,200,2
2040,140,1600,Run_2040,36,1.00E-04,200,2
2047,140,2000,Run_2047,43,1.00E-05,200,2
2048,140,2000,Run_2048,44,2.00E-05,200,2
2050,140,2000,Run_2050,43,6.00E-05,200,2
2066,160,1400,Run_2066,35,2.00E-05,200,2
2070,160,1400,Run_2070,32,1.00E-04,200,2
2071,160,1600,Run_2071,40,1.00E-05,200,2
2072,160,1600,Run_2072,38,2.00E-05,200,2
2083,160,2000,Run_2083,42,1.00E-05,200,2
2087,160,2000,Run_2087,40,8.00E-05,200,2
2102,180,1400,Run_2102,32,2.00E-05,200,2
2109,180,1600,Run_2109,37,4.00E-05,200,2
2118,180,1800,Run_2118,36,1.00E-04,200,2
2120,180,2000,Run_2120,41,2.00E-05,200,2
2121,180,2000,Run_2121,41,4.00E-05,200,2
2144,200,1600,Run_2144,33,2.00E-05,200,2
2146,200,1600,Run_2146,32,6.00E-05,200,2
2155,200,2000,Run_2155,38,1.00E-05,200,2
2158,200,2000,Run_2158,38,6.00E-05,200,2
2188,0,1800,Run_2188,22,6.00E-05,220,2
2242,40,1200,Run_2242,26,6.00E-05,220,2
2251,40,1600,Run_2251,32,1.00E-05,220,2
2252,40,1600,Run_2252,32,2.00E-05,220,2
2253,40,1600,Run_2253,32,4.00E-05,220,2
2263,40,2000,Run_2263,38,1.00E-05,220,2
2265,40,2000,Run_2265,38,4.00E-05,220,2
2266,40,2000,Run_2266,36,6.00E-05,220,2
2267,40,2000,Run_2267,36,8.00E-05,220,2
2268,40,2000,Run_2268,36,1.00E-04,220,2
2277,80,1200,Run_2277,23,4.00E-05,220,2
2303,80,2000,Run_2303,34,8.00E-05,220,2
2323,100,1600,Run_2323,31,1.00E-05,220,2
2326,100,1600,Run_2326,28,6.00E-05,220,2
2368,120,1800,Run_2368,30,6.00E-05,220,2
2373,120,2000,Run_2373,34,4.00E-05,220,2
2407,140,2000,Run_2407,34,1.00E-05,220,2
2410,140,2000,Run_2410,33,6.00E-05,220,2
2411,140,2000,Run_2411,32,8.00E-05,220,2
2437,160,1800,Run_2437,31,1.00E-05,220,2
2444,160,2000,Run_2444,32,2.00E-05,220,2
2480,180,2000,Run_2480,31,2.00E-05,220,2
2493,200,1200,Run_2493,12,4.00E-05,220,2
2556,0,2000,Run_2556,21,1.00E-04,240,2
2601,40,1200,Run_2601,20,4.00E-05,240,2
2611,40,1600,Run_2611,26,1.00E-05,240,2
2660,80,2000,Run_2660,32,2.00E-05,240,2
2695,100,2000,Run_2695,31,1.00E-05,240,2
2731,120,2000,Run_2731,32,1.00E-05,240,2
2742,140,1000,Run_2742,9,1.00E-04,240,2
2764,140,1800,Run_2764,26,6.00E-05,240,2
2768,140,2000,Run_2768,32,2.00E-05,240,2
2843,180,2000,Run_2843,25,8.00E-05,240,2
2978,40,1800,Run_2978,26,2.00E-05,260,2
2982,40,1800,Run_2982,25,1.00E-04,260,2
3064,120,1000,Run_3064,10,6.00E-05,260,2
3095,120,2000,Run_3095,43,8.00E-05,260,2
3121,140,1800,Run_3121,33,1.00E-05,260,2
3128,140,2000,Run_3128,51,2.00E-05,260,2
3130,140,2000,Run_3130,48,6.00E-05,260,2
3144,160,1200,Run_3144,10,1.00E-04,260,2
3157,160,1800,Run_3157,34,1.00E-05,260,2
3161,160,1800,Run_3161,31,8.00E-05,260,2
3163,160,2000,Run_3163,50,1.00E-05,260,2
3164,160,2000,Run_3164,48,2.00E-05,260,2
3166,160,2000,Run_3166,54,6.00E-05,260,2
3168,160,2000,Run_3168,51,1.00E-04,260,2
3196,180,1800,Run_3196,28,6.00E-05,260,2
3199,180,2000,Run_3199,48,1.00E-05,260,2
3240,200,2000,Run_3240,38,1.00E-04,260,2
3243,0,1000,Run_3243,12,4.00E-05,280,2
3325,40,1400,Run_3325,20,1.00E-05,280,2
3330,40,1400,Run_3330,20,1.00E-04,280,2
3346,40,2000,Run_3346,27,6.00E-05,280,2
3354,80,1000,Run_3354,10,1.00E-04,280,2
3355,80,1200,Run_3355,16,1.00E-05,280,2
3375,80,1800,Run_3375,32,4.00E-05,280,2
3382,80,2000,Run_3382,35,6.00E-05,280,2
3384,80,2000,Run_3384,31,1.00E-04,280,2
3412,100,1800,Run_3412,32,6.00E-05,280,2
3441,120,1600,Run_3441,32,4.00E-05,280,2
3442,120,1600,Run_3442,31,6.00E-05,280,2
3449,120,1800,Run_3449,37,8.00E-05,280,2
3450,120,1800,Run_3450,31,1.00E-04,280,2
3453,120,2000,Run_3453,72,4.00E-05,280,2
3456,120,2000,Run_3456,56,1.00E-04,280,2
3477,140,1600,Run_3477,34,4.00E-05,280,2
3482,140,1800,Run_3482,47,2.00E-05,280,2
3486,140,1800,Run_3486,38,1.00E-04,280,2
3511,160,1600,Run_3511,32,1.00E-05,280,2
3513,160,1600,Run_3513,30,4.00E-05,280,2
3518,160,1800,Run_3518,54,2.00E-05,280,2
3519,160,1800,Run_3519,50,4.00E-05,280,2
3520,160,1800,Run_3520,54,6.00E-05,280,2
3561,180,2000,Run_3561,78,4.00E-05,280,2
3566,200,1000,Run_3566,4,2.00E-05,280,2
3592,200,1800,Run_3592,28,6.00E-05,280,2
3597,200,2000,Run_3597,66,4.00E-05,280,2
3604,0,1000,Run_3604,14,6.00E-05,300,2
3628,0,1800,Run_3628,19,6.00E-05,300,2
3695,40,1600,Run_3695,32,8.00E-05,300,2
3697,40,1800,Run_3697,42,1.00E-05,300,2
3701,40,1800,Run_3701,38,8.00E-05,300,2
3702,40,1800,Run_3702,36,1.00E-04,300,2
3708,40,2000,Run_3708,42,1.00E-04,300,2
3722,80,1400,Run_3722,42,2.00E-05,300,2
3725,80,1400,Run_3725,36,8.00E-05,300,2
3726,80,1400,Run_3726,31,1.00E-04,300,2
3727,80,1600,Run_3727,53,1.00E-05,300,2
3728,80,1600,Run_3728,52,2.00E-05,300,2
3729,80,1600,Run_3729,52,4.00E-05,300,2
3733,80,1800,Run_3733,67,1.00E-05,300,2
3741,80,2000,Run_3741,84,4.00E-05,300,2
3743,80,2000,Run_3743,70,8.00E-05,300,2
3744,80,2000,Run_3744,62,1.00E-04,300,2
3761,100,1400,Run_3761,40,8.00E-05,300,2
3767,100,1600,Run_3767,53,8.00E-05,300,2
3769,100,1800,Run_3769,74,1.00E-05,300,2
3778,100,2000,Run_3778,82,6.00E-05,300,2
3792,120,1200,Run_3792,36,1.00E-04,300,2
3796,120,1400,Run_3796,56,6.00E-05,300,2
3804,120,1600,Run_3804,67,1.00E-04,300,2
3814,120,2000,Run_3814,106,6.00E-05,300,2
3823,140,1200,Run_3823,46,1.00E-05,300,2
3826,140,1200,Run_3826,42,6.00E-05,300,2
3830,140,1400,Run_3830,58,2.00E-05,300,2
3831,140,1400,Run_3831,60,4.00E-05,300,2
3833,140,1400,Run_3833,58,8.00E-05,300,2
3834,140,1400,Run_3834,54,1.00E-04,300,2
3839,140,1600,Run_3839,78,8.00E-05,300,2
3840,140,1600,Run_3840,70,1.00E-04,300,2
3861,160,1200,Run_3861,36,4.00E-05,300,2
3863,160,1200,Run_3863,36,8.00E-05,300,2
3867,160,1400,Run_3867,55,4.00E-05,300,2
3873,160,1600,Run_3873,80,4.00E-05,300,2
3902,180,1400,Run_3902,52,2.00E-05,300,2
3903,180,1400,Run_3903,52,4.00E-05,300,2
3904,180,1400,Run_3904,51,6.00E-05,300,2
3905,180,1400,Run_3905,50,8.00E-05,300,2
3908,180,1600,Run_3908,74,2.00E-05,300,2
3909,180,1600,Run_3909,75,4.00E-05,300,2
3940,200,1400,Run_3940,38,6.00E-05,300,2
3941,200,1400,Run_3941,40,8.00E-05,300,2
3943,200,1600,Run_3943,60,1.00E-05,300,2
3944,200,1600,Run_3944,61,2.00E-05,300,2
3956,200,2000,Run_3956,100,2.00E-05,300,2
91,40,1600,Run_91,54,1.00E-05,100,3
92,40,1600,Run_92,54,2.00E-05,100,3
93,40,1600,Run_93,53,4.00E-05,100,3
94,40,1600,Run_94,52,6.00E-05,100,3
98,40,1800,Run_98,78,2.00E-05,100,3
99,40,1800,Run_99,70,4.00E-05,100,3
100,40,1800,Run_100,66,6.00E-05,100,3
101,40,1800,Run_101,60,8.00E-05,100,3
102,40,1800,Run_102,55,1.00E-04,100,3
109,80,1000,Run_109,48,1.00E-05,100,3
110,80,1000,Run_110,59,2.00E-05,100,3
111,80,1000,Run_111,52,4.00E-05,100,3
119,80,1200,Run_119,79,8.00E-05,100,3
120,80,1200,Run_120,62,1.00E-04,100,3
150,100,1000,Run_150,62,1.00E-04,100,3
293,180,1000,Run_293,70,8.00E-05,100,3
294,180,1000,Run_294,76,1.00E-04,100,3
445,40,1400,Run_445,43,1.00E-05,120,3
452,40,1600,Run_452,51,2.00E-05,120,3
455,40,1600,Run_455,46,8.00E-05,120,3
457,40,1800,Run_457,58,1.00E-05,120,3
458,40,1800,Run_458,58,2.00E-05,120,3
459,40,1800,Run_459,56,4.00E-05,120,3
460,40,1800,Run_460,54,6.00E-05,120,3
461,40,1800,Run_461,54,8.00E-05,120,3
462,40,1800,Run_462,51,1.00E-04,120,3
463,40,2000,Run_463,72,1.00E-05,120,3
464,40,2000,Run_464,76,2.00E-05,120,3
465,40,2000,Run_465,70,4.00E-05,120,3
466,40,2000,Run_466,64,6.00E-05,120,3
467,40,2000,Run_467,62,8.00E-05,120,3
468,40,2000,Run_468,61,1.00E-04,120,3
475,80,1200,Run_475,61,1.00E-05,120,3
476,80,1200,Run_476,74,2.00E-05,120,3
477,80,1200,Run_477,71,4.00E-05,120,3
478,80,1200,Run_478,58,6.00E-05,120,3
479,80,1200,Run_479,43,8.00E-05,120,3
486,80,1400,Run_486,76,1.00E-04,120,3
505,100,1000,Run_505,52,1.00E-05,120,3
506,100,1000,Run_506,56,2.00E-05,120,3
507,100,1000,Run_507,53,4.00E-05,120,3
541,120,1000,Run_541,80,1.00E-05,120,3
542,120,1000,Run_542,78,2.00E-05,120,3
543,120,1000,Run_543,76,4.00E-05,120,3
544,120,1000,Run_544,70,6.00E-05,120,3
545,120,1000,Run_545,68,8.00E-05,120,3
546,120,1000,Run_546,61,1.00E-04,120,3
577,140,1000,Run_577,79,1.00E-05,120,3
578,140,1000,Run_578,70,2.00E-05,120,3
579,140,1000,Run_579,73,4.00E-05,120,3
580,140,1000,Run_580,70,6.00E-05,120,3
581,140,1000,Run_581,73,8.00E-05,120,3
582,140,1000,Run_582,58,1.00E-04,120,3
613,160,1000,Run_613,72,1.00E-05,120,3
614,160,1000,Run_614,64,2.00E-05,120,3
615,160,1000,Run_615,67,4.00E-05,120,3
616,160,1000,Run_616,65,6.00E-05,120,3
617,160,1000,Run_617,64,8.00E-05,120,3
618,160,1000,Run_618,63,1.00E-04,120,3
692,200,1200,Run_692,80,2.00E-05,120,3
805,40,1400,Run_805,46,1.00E-05,140,3
811,40,1600,Run_811,53,1.00E-05,140,3
812,40,1600,Run_812,53,2.00E-05,140,3
813,40,1600,Run_813,52,4.00E-05,140,3
817,40,1800,Run_817,60,1.00E-05,140,3
818,40,1800,Run_818,60,2.00E-05,140,3
819,40,1800,Run_819,58,4.00E-05,140,3
820,40,1800,Run_820,58,6.00E-05,140,3
821,40,1800,Run_821,56,8.00E-05,140,3
822,40,1800,Run_822,54,1.00E-04,140,3
823,40,2000,Run_823,67,1.00E-05,140,3
824,40,2000,Run_824,66,2.00E-05,140,3
825,40,2000,Run_825,66,4.00E-05,140,3
826,40,2000,Run_826,64,6.00E-05,140,3
827,40,2000,Run_827,62,8.00E-05,140,3
828,40,2000,Run_828,60,1.00E-04,140,3
835,80,1200,Run_835,46,1.00E-05,140,3
837,80,1200,Run_837,47,4.00E-05,140,3
841,80,1400,Run_841,60,1.00E-05,140,3
842,80,1400,Run_842,61,2.00E-05,140,3
843,80,1400,Run_843,60,4.00E-05,140,3
844,80,1400,Run_844,56,6.00E-05,140,3
845,80,1400,Run_845,53,8.00E-05,140,3
847,80,1600,Run_847,70,1.00E-05,140,3
848,80,1600,Run_848,70,2.00E-05,140,3
849,80,1600,Run_849,71,4.00E-05,140,3
850,80,1600,Run_850,66,6.00E-05,140,3
851,80,1600,Run_851,61,8.00E-05,140,3
852,80,1600,Run_852,58,1.00E-04,140,3
857,80,1800,Run_857,76,8.00E-05,140,3
858,80,1800,Run_858,66,1.00E-04,140,3
871,100,1200,Run_871,54,1.00E-05,140,3
872,100,1200,Run_872,56,2.00E-05,140,3
873,100,1200,Run_873,56,4.00E-05,140,3
874,100,1200,Run_874,52,6.00E-05,140,3
877,100,1400,Run_877,64,1.00E-05,140,3
878,100,1400,Run_878,64,2.00E-05,140,3
879,100,1400,Run_879,64,4.00E-05,140,3
880,100,1400,Run_880,60,6.00E-05,140,3
881,100,1400,Run_881,58,8.00E-05,140,3
882,100,1400,Run_882,52,1.00E-04,140,3
887,100,1600,Run_887,78,8.00E-05,140,3
888,100,1600,Run_888,66,1.00E-04,140,3
902,120,1000,Run_902,42,2.00E-05,140,3
907,120,1200,Run_907,59,1.00E-05,140,3
908,120,1200,Run_908,58,2.00E-05,140,3
909,120,1200,Run_909,59,4.00E-05,140,3
910,120,1200,Run_910,57,6.00E-05,140,3
911,120,1200,Run_911,54,8.00E-05,140,3
912,120,1200,Run_912,52,1.00E-04,140,3
915,120,1400,Run_915,79,4.00E-05,140,3
916,120,1400,Run_916,76,6.00E-05,140,3
917,120,1400,Run_917,74,8.00E-05,140,3
918,120,1400,Run_918,68,1.00E-04,140,3
943,140,1200,Run_943,61,1.00E-05,140,3
944,140,1200,Run_944,56,2.00E-05,140,3
945,140,1200,Run_945,59,4.00E-05,140,3
946,140,1200,Run_946,58,6.00E-05,140,3
947,140,1200,Run_947,54,8.00E-05,140,3
948,140,1200,Run_948,52,1.00E-04,140,3
953,140,1400,Run_953,79,8.00E-05,140,3
954,140,1400,Run_954,73,1.00E-04,140,3
979,160,1200,Run_979,53,1.00E-05,140,3
980,160,1200,Run_980,54,2.00E-05,140,3
981,160,1200,Run_981,54,4.00E-05,140,3
982,160,1200,Run_982,53,6.00E-05,140,3
983,160,1200,Run_983,52,8.00E-05,140,3
988,160,1400,Run_988,80,6.00E-05,140,3
989,160,1400,Run_989,80,8.00E-05,140,3
990,160,1400,Run_990,74,1.00E-04,140,3
1016,180,1200,Run_1016,45,2.00E-05,140,3
1022,180,1400,Run_1022,74,2.00E-05,140,3
1023,180,1400,Run_1023,75,4.00E-05,140,3
1024,180,1400,Run_1024,72,6.00E-05,140,3
1025,180,1400,Run_1025,72,8.00E-05,140,3
1026,180,1400,Run_1026,70,1.00E-04,140,3
1057,200,1400,Run_1057,56,1.00E-05,140,3
1058,200,1400,Run_1058,52,2.00E-05,140,3
1059,200,1400,Run_1059,54,4.00E-05,140,3
1060,200,1400,Run_1060,52,6.00E-05,140,3
1061,200,1400,Run_1061,55,8.00E-05,140,3
1062,200,1400,Run_1062,51,1.00E-04,140,3
1171,40,1600,Run_1171,54,1.00E-05,160,3
1172,40,1600,Run_1172,54,2.00E-05,160,3
1173,40,1600,Run_1173,53,4.00E-05,160,3
1174,40,1600,Run_1174,51,6.00E-05,160,3
1177,40,1800,Run_1177,60,1.00E-05,160,3
1178,40,1800,Run_1178,60,2.00E-05,160,3
1179,40,1800,Run_1179,58,4.00E-05,160,3
1180,40,1800,Run_1180,58,6.00E-05,160,3
1181,40,1800,Run_1181,56,8.00E-05,160,3
1182,40,1800,Run_1182,54,1.00E-04,160,3
1183,40,2000,Run_1183,65,1.00E-05,160,3
1184,40,2000,Run_1184,65,2.00E-05,160,3
1185,40,2000,Run_1185,64,4.00E-05,160,3
1186,40,2000,Run_1186,62,6.00E-05,160,3
1187,40,2000,Run_1187,60,8.00E-05,160,3
1188,40,2000,Run_1188,60,1.00E-04,160,3
1195,80,1200,Run_1195,45,1.00E-05,160,3
1201,80,1400,Run_1201,53,1.00E-05,160,3
1202,80,1400,Run_1202,53,2.00E-05,160,3
1203,80,1400,Run_1203,52,4.00E-05,160,3
1207,80,1600,Run_1207,58,1.00E-05,160,3
1208,80,1600,Run_1208,57,2.00E-05,160,3
1209,80,1600,Run_1209,56,4.00E-05,160,3
1210,80,1600,Run_1210,54,6.00E-05,160,3
1211,80,1600,Run_1211,52,8.00E-05,160,3
1213,80,1800,Run_1213,64,1.00E-05,160,3
1214,80,1800,Run_1214,64,2.00E-05,160,3
1215,80,1800,Run_1215,62,4.00E-05,160,3
1216,80,1800,Run_1216,60,6.00E-05,160,3
1217,80,1800,Run_1217,58,8.00E-05,160,3
1218,80,1800,Run_1218,54,1.00E-04,160,3
1219,80,2000,Run_1219,70,1.00E-05,160,3
1220,80,2000,Run_1220,70,2.00E-05,160,3
1221,80,2000,Run_1221,69,4.00E-05,160,3
1222,80,2000,Run_1222,66,6.00E-05,160,3
1223,80,2000,Run_1223,62,8.00E-05,160,3
1224,80,2000,Run_1224,60,1.00E-04,160,3
1239,100,1400,Run_1239,50,4.00E-05,160,3
1243,100,1600,Run_1243,58,1.00E-05,160,3
1244,100,1600,Run_1244,57,2.00E-05,160,3
1245,100,1600,Run_1245,56,4.00E-05,160,3
1246,100,1600,Run_1246,54,6.00E-05,160,3
1247,100,1600,Run_1247,51,8.00E-05,160,3
1248,100,1600,Run_1248,49,1.00E-04,160,3
1249,100,1800,Run_1249,60,1.00E-05,160,3
1250,100,1800,Run_1250,60,2.00E-05,160,3
1251,100,1800,Run_1251,61,4.00E-05,160,3
1252,100,1800,Run_1252,58,6.00E-05,160,3
1253,100,1800,Run_1253,56,8.00E-05,160,3
1254,100,1800,Run_1254,54,1.00E-04,160,3
1255,100,2000,Run_1255,66,1.00E-05,160,3
1256,100,2000,Run_1256,66,2.00E-05,160,3
1257,100,2000,Run_1257,64,4.00E-05,160,3
1258,100,2000,Run_1258,61,6.00E-05,160,3
1259,100,2000,Run_1259,58,8.00E-05,160,3
1260,100,2000,Run_1260,56,1.00E-04,160,3
1273,120,1400,Run_1273,52,1.00E-05,160,3
1274,120,1400,Run_1274,52,2.00E-05,160,3
1275,120,1400,Run_1275,51,4.00E-05,160,3
1279,120,1600,Run_1279,58,1.00E-05,160,3
1280,120,1600,Run_1280,58,2.00E-05,160,3
1281,120,1600,Run_1281,57,4.00E-05,160,3
1282,120,1600,Run_1282,56,6.00E-05,160,3
1283,120,1600,Run_1283,54,8.00E-05,160,3
1284,120,1600,Run_1284,52,1.00E-04,160,3
1285,120,1800,Run_1285,60,1.00E-05,160,3
1286,120,1800,Run_1286,60,2.00E-05,160,3
1287,120,1800,Run_1287,60,4.00E-05,160,3
1288,120,1800,Run_1288,58,6.00E-05,160,3
1289,120,1800,Run_1289,56,8.00E-05,160,3
1290,120,1800,Run_1290,54,1.00E-04,160,3
1291,120,2000,Run_1291,66,1.00E-05,160,3
1292,120,2000,Run_1292,66,2.00E-05,160,3
1293,120,2000,Run_1293,66,4.00E-05,160,3
1294,120,2000,Run_1294,64,6.00E-05,160,3
1295,120,2000,Run_1295,62,8.00E-05,160,3
1296,120,2000,Run_1296,60,1.00E-04,160,3
1309,140,1400,Run_1309,52,1.00E-05,160,3
1310,140,1400,Run_1310,52,2.00E-05,160,3
1311,140,1400,Run_1311,52,4.00E-05,160,3
1312,140,1400,Run_1312,51,6.00E-05,160,3
1315,140,1600,Run_1315,58,1.00E-05,160,3
1316,140,1600,Run_1316,58,2.00E-05,160,3
1317,140,1600,Run_1317,58,4.00E-05,160,3
1318,140,1600,Run_1318,57,6.00E-05,160,3
1319,140,1600,Run_1319,55,8.00E-05,160,3
1320,140,1600,Run_1320,52,1.00E-04,160,3
1321,140,1800,Run_1321,61,1.00E-05,160,3
1322,140,1800,Run_1322,60,2.00E-05,160,3
1323,140,1800,Run_1323,60,4.00E-05,160,3
1324,140,1800,Run_1324,60,6.00E-05,160,3
1325,140,1800,Run_1325,58,8.00E-05,160,3
1326,140,1800,Run_1326,56,1.00E-04,160,3
1327,140,2000,Run_1327,65,1.00E-05,160,3
1328,140,2000,Run_1328,64,2.00E-05,160,3
1329,140,2000,Run_1329,66,4.00E-05,160,3
1330,140,2000,Run_1330,64,6.00E-05,160,3
1331,140,2000,Run_1331,62,8.00E-05,160,3
1332,140,2000,Run_1332,60,1.00E-04,160,3
1345,160,1400,Run_1345,51,1.00E-05,160,3
1351,160,1600,Run_1351,58,1.00E-05,160,3
1352,160,1600,Run_1352,56,2.00E-05,160,3
1353,160,1600,Run_1353,56,4.00E-05,160,3
1354,160,1600,Run_1354,55,6.00E-05,160,3
1355,160,1600,Run_1355,54,8.00E-05,160,3
1357,160,1800,Run_1357,62,1.00E-05,160,3
1358,160,1800,Run_1358,62,2.00E-05,160,3
1359,160,1800,Run_1359,62,4.00E-05,160,3
1360,160,1800,Run_1360,60,6.00E-05,160,3
1361,160,1800,Run_1361,58,8.00E-05,160,3
1362,160,1800,Run_1362,56,1.00E-04,160,3
1363,160,2000,Run_1363,65,1.00E-05,160,3
1364,160,2000,Run_1364,65,2.00E-05,160,3
1365,160,2000,Run_1365,65,4.00E-05,160,3
1366,160,2000,Run_1366,66,6.00E-05,160,3
1367,160,2000,Run_1367,62,8.00E-05,160,3
1368,160,2000,Run_1368,62,1.00E-04,160,3
1383,180,1400,Run_1383,47,4.00E-05,160,3
1384,180,1400,Run_1384,46,6.00E-05,160,3
1387,180,1600,Run_1387,54,1.00E-05,160,3
1388,180,1600,Run_1388,54,2.00E-05,160,3
1389,180,1600,Run_1389,54,4.00E-05,160,3
1390,180,1600,Run_1390,52,6.00E-05,160,3
1393,180,1800,Run_1393,60,1.00E-05,160,3
1394,180,1800,Run_1394,59,2.00E-05,160,3
1395,180,1800,Run_1395,59,4.00E-05,160,3
1396,180,1800,Run_1396,58,6.00E-05,160,3
1397,180,1800,Run_1397,56,8.00E-05,160,3
1398,180,1800,Run_1398,54,1.00E-04,160,3
1399,180,2000,Run_1399,63,1.00E-05,160,3
1400,180,2000,Run_1400,64,2.00E-05,160,3
1401,180,2000,Run_1401,64,4.00E-05,160,3
1402,180,2000,Run_1402,63,6.00E-05,160,3
1403,180,2000,Run_1403,60,8.00E-05,160,3
1404,180,2000,Run_1404,58,1.00E-04,160,3
1426,200,1600,Run_1426,48,6.00E-05,160,3
1429,200,1800,Run_1429,52,1.00E-05,160,3
1430,200,1800,Run_1430,54,2.00E-05,160,3
1431,200,1800,Run_1431,52,4.00E-05,160,3
1432,200,1800,Run_1432,51,6.00E-05,160,3
1435,200,2000,Run_1435,60,1.00E-05,160,3
1436,200,2000,Run_1436,60,2.00E-05,160,3
1437,200,2000,Run_1437,59,4.00E-05,160,3
1438,200,2000,Run_1438,59,6.00E-05,160,3
1439,200,2000,Run_1439,55,8.00E-05,160,3
1440,200,2000,Run_1440,53,1.00E-04,160,3
1536,40,1600,Run_1536,47,1.00E-04,180,3
1537,40,1800,Run_1537,56,1.00E-05,180,3
1538,40,1800,Run_1538,56,2.00E-05,180,3
1539,40,1800,Run_1539,54,4.00E-05,180,3
1540,40,1800,Run_1540,53,6.00E-05,180,3
1541,40,1800,Run_1541,52,8.00E-05,180,3
1543,40,2000,Run_1543,60,1.00E-05,180,3
1544,40,2000,Run_1544,60,2.00E-05,180,3
1545,40,2000,Run_1545,60,4.00E-05,180,3
1546,40,2000,Run_1546,58,6.00E-05,180,3
1547,40,2000,Run_1547,58,8.00E-05,180,3
1548,40,2000,Run_1548,56,1.00E-04,180,3
1567,80,1600,Run_1567,52,1.00E-05,180,3
1568,80,1600,Run_1568,52,2.00E-05,180,3
1569,80,1600,Run_1569,52,4.00E-05,180,3
1570,80,1600,Run_1570,50,6.00E-05,180,3
1573,80,1800,Run_1573,56,1.00E-05,180,3
1574,80,1800,Run_1574,56,2.00E-05,180,3
1575,80,1800,Run_1575,55,4.00E-05,180,3
1576,80,1800,Run_1576,54,6.00E-05,180,3
1577,80,1800,Run_1577,52,8.00E-05,180,3
1579,80,2000,Run_1579,60,1.00E-05,180,3
1580,80,2000,Run_1580,60,2.00E-05,180,3
1581,80,2000,Run_1581,59,4.00E-05,180,3
1582,80,2000,Run_1582,56,6.00E-05,180,3
1583,80,2000,Run_1583,54,8.00E-05,180,3
1584,80,2000,Run_1584,52,1.00E-04,180,3
1598,100,1400,Run_1598,46,2.00E-05,180,3
1603,100,1600,Run_1603,52,1.00E-05,180,3
1604,100,1600,Run_1604,52,2.00E-05,180,3
1609,100,1800,Run_1609,52,1.00E-05,180,3
1610,100,1800,Run_1610,53,2.00E-05,180,3
1611,100,1800,Run_1611,54,4.00E-05,180,3
1612,100,1800,Run_1612,51,6.00E-05,180,3
1613,100,1800,Run_1613,50,8.00E-05,180,3
1614,100,1800,Run_1614,48,1.00E-04,180,3
1615,100,2000,Run_1615,56,1.00E-05,180,3
1616,100,2000,Run_1616,56,2.00E-05,180,3
1617,100,2000,Run_1617,55,4.00E-05,180,3
1618,100,2000,Run_1618,52,6.00E-05,180,3
1619,100,2000,Run_1619,51,8.00E-05,180,3
1639,120,1600,Run_1639,50,1.00E-05,180,3
1645,120,1800,Run_1645,52,1.00E-05,180,3
1646,120,1800,Run_1646,52,2.00E-05,180,3
1647,120,1800,Run_1647,52,4.00E-05,180,3
1648,120,1800,Run_1648,51,6.00E-05,180,3
1650,120,1800,Run_1650,48,1.00E-04,180,3
1651,120,2000,Run_1651,56,1.00E-05,180,3
1652,120,2000,Run_1652,56,2.00E-05,180,3
1653,120,2000,Run_1653,55,4.00E-05,180,3
1654,120,2000,Run_1654,54,6.00E-05,180,3
1655,120,2000,Run_1655,52,8.00E-05,180,3
1681,140,1800,Run_1681,52,1.00E-05,180,3
1682,140,1800,Run_1682,52,2.00E-05,180,3
1683,140,1800,Run_1683,52,4.00E-05,180,3
1684,140,1800,Run_1684,51,6.00E-05,180,3
1687,140,2000,Run_1687,54,1.00E-05,180,3
1688,140,2000,Run_1688,54,2.00E-05,180,3
1689,140,2000,Run_1689,54,4.00E-05,180,3
1690,140,2000,Run_1690,54,6.00E-05,180,3
1691,140,2000,Run_1691,52,8.00E-05,180,3
1717,160,1800,Run_1717,52,1.00E-05,180,3
1718,160,1800,Run_1718,52,2.00E-05,180,3
1719,160,1800,Run_1719,52,4.00E-05,180,3
1722,160,1800,Run_1722,48,1.00E-04,180,3
1723,160,2000,Run_1723,54,1.00E-05,180,3
1724,160,2000,Run_1724,53,2.00E-05,180,3
1725,160,2000,Run_1725,54,4.00E-05,180,3
1726,160,2000,Run_1726,54,6.00E-05,180,3
1727,160,2000,Run_1727,51,8.00E-05,180,3
1759,180,2000,Run_1759,51,1.00E-05,180,3
1760,180,2000,Run_1760,52,2.00E-05,180,3
1761,180,2000,Run_1761,52,4.00E-05,180,3
1762,180,2000,Run_1762,52,6.00E-05,180,3
1763,180,2000,Run_1763,48,8.00E-05,180,3
1790,200,1800,Run_1790,45,2.00E-05,180,3
1792,200,1800,Run_1792,44,6.00E-05,180,3
1891,40,1600,Run_1891,42,1.00E-05,200,3
1898,40,1800,Run_1898,46,2.00E-05,200,3
1905,40,2000,Run_1905,48,4.00E-05,200,3
1908,40,2000,Run_1908,46,1.00E-04,200,3
1933,80,1800,Run_1933,46,1.00E-05,200,3
1938,80,1800,Run_1938,41,1.00E-04,200,3
1972,100,1800,Run_1972,42,6.00E-05,200,3
2005,120,1800,Run_2005,42,1.00E-05,200,3
2006,120,1800,Run_2006,42,2.00E-05,200,3
2120,180,2000,Run_2120,41,2.00E-05,200,3
3095,120,2000,Run_3095,43,8.00E-05,260,3
3128,140,2000,Run_3128,51,2.00E-05,260,3
3130,140,2000,Run_3130,48,6.00E-05,260,3
3131,140,2000,Run_3131,44,8.00E-05,260,3
3166,160,2000,Run_3166,54,6.00E-05,260,3
3168,160,2000,Run_3168,51,1.00E-04,260,3
3200,180,2000,Run_3200,52,2.00E-05,260,3
3201,180,2000,Run_3201,51,4.00E-05,260,3
3235,200,2000,Run_3235,42,1.00E-05,260,3
3236,200,2000,Run_3236,44,2.00E-05,260,3
3451,120,2000,Run_3451,65,1.00E-05,280,3
3452,120,2000,Run_3452,70,2.00E-05,280,3
3453,120,2000,Run_3453,72,4.00E-05,280,3
3454,120,2000,Run_3454,71,6.00E-05,280,3
3455,120,2000,Run_3455,65,8.00E-05,280,3
3456,120,2000,Run_3456,56,1.00E-04,280,3
3487,140,2000,Run_3487,65,1.00E-05,280,3
3488,140,2000,Run_3488,77,2.00E-05,280,3
3489,140,2000,Run_3489,69,4.00E-05,280,3
3490,140,2000,Run_3490,72,6.00E-05,280,3
3491,140,2000,Run_3491,68,8.00E-05,280,3
3492,140,2000,Run_3492,58,1.00E-04,280,3
3518,160,1800,Run_3518,54,2.00E-05,280,3
3520,160,1800,Run_3520,54,6.00E-05,280,3
3521,160,1800,Run_3521,53,8.00E-05,280,3
3523,160,2000,Run_3523,72,1.00E-05,280,3
3524,160,2000,Run_3524,73,2.00E-05,280,3
3525,160,2000,Run_3525,74,4.00E-05,280,3
3527,160,2000,Run_3527,74,8.00E-05,280,3
3528,160,2000,Run_3528,77,1.00E-04,280,3
3559,180,2000,Run_3559,70,1.00E-05,280,3
3560,180,2000,Run_3560,78,2.00E-05,280,3
3561,180,2000,Run_3561,78,4.00E-05,280,3
3562,180,2000,Run_3562,72,6.00E-05,280,3
3563,180,2000,Run_3563,68,8.00E-05,280,3
3564,180,2000,Run_3564,68,1.00E-04,280,3
3595,200,2000,Run_3595,62,1.00E-05,280,3
3596,200,2000,Run_3596,66,2.00E-05,280,3
3597,200,2000,Run_3597,66,4.00E-05,280,3
3598,200,2000,Run_3598,67,6.00E-05,280,3
3599,200,2000,Run_3599,64,8.00E-05,280,3
3600,200,2000,Run_3600,64,1.00E-04,280,3
3698,40,1800,Run_3698,41,2.00E-05,300,3
3703,40,2000,Run_3703,48,1.00E-05,300,3
3723,80,1400,Run_3723,42,4.00E-05,300,3
3727,80,1600,Run_3727,53,1.00E-05,300,3
3728,80,1600,Run_3728,52,2.00E-05,300,3
3729,80,1600,Run_3729,52,4.00E-05,300,3
3733,80,1800,Run_3733,67,1.00E-05,300,3
3734,80,1800,Run_3734,67,2.00E-05,300,3
3735,80,1800,Run_3735,64,4.00E-05,300,3
3736,80,1800,Run_3736,60,6.00E-05,300,3
3737,80,1800,Run_3737,56,8.00E-05,300,3
3742,80,2000,Run_3742,74,6.00E-05,300,3
3743,80,2000,Run_3743,70,8.00E-05,300,3
3744,80,2000,Run_3744,62,1.00E-04,300,3
3763,100,1600,Run_3763,68,1.00E-05,300,3
3764,100,1600,Run_3764,66,2.00E-05,300,3
3765,100,1600,Run_3765,67,4.00E-05,300,3
3766,100,1600,Run_3766,62,6.00E-05,300,3
3767,100,1600,Run_3767,53,8.00E-05,300,3
3768,100,1600,Run_3768,52,1.00E-04,300,3
3769,100,1800,Run_3769,74,1.00E-05,300,3
3770,100,1800,Run_3770,78,2.00E-05,300,3
3771,100,1800,Run_3771,78,4.00E-05,300,3
3772,100,1800,Run_3772,74,6.00E-05,300,3
3773,100,1800,Run_3773,72,8.00E-05,300,3
3774,100,1800,Run_3774,64,1.00E-04,300,3
3779,100,2000,Run_3779,78,8.00E-05,300,3
3780,100,2000,Run_3780,74,1.00E-04,300,3
3793,120,1400,Run_3793,56,1.00E-05,300,3
3794,120,1400,Run_3794,60,2.00E-05,300,3
3795,120,1400,Run_3795,58,4.00E-05,300,3
3796,120,1400,Run_3796,56,6.00E-05,300,3
3797,120,1400,Run_3797,55,8.00E-05,300,3
3798,120,1400,Run_3798,52,1.00E-04,300,3
3799,120,1600,Run_3799,75,1.00E-05,300,3
3800,120,1600,Run_3800,76,2.00E-05,300,3
3801,120,1600,Run_3801,76,4.00E-05,300,3
3802,120,1600,Run_3802,74,6.00E-05,300,3
3803,120,1600,Run_3803,71,8.00E-05,300,3
3804,120,1600,Run_3804,67,1.00E-04,300,3
3810,120,1800,Run_3810,80,1.00E-04,300,3
3829,140,1400,Run_3829,62,1.00E-05,300,3
3830,140,1400,Run_3830,58,2.00E-05,300,3
3831,140,1400,Run_3831,60,4.00E-05,300,3
3832,140,1400,Run_3832,61,6.00E-05,300,3
3833,140,1400,Run_3833,58,8.00E-05,300,3
3834,140,1400,Run_3834,54,1.00E-04,300,3
3836,140,1600,Run_3836,80,2.00E-05,300,3
3839,140,1600,Run_3839,78,8.00E-05,300,3
3840,140,1600,Run_3840,70,1.00E-04,300,3
3865,160,1400,Run_3865,60,1.00E-05,300,3
3866,160,1400,Run_3866,58,2.00E-05,300,3
3867,160,1400,Run_3867,55,4.00E-05,300,3
3868,160,1400,Run_3868,56,6.00E-05,300,3
3869,160,1400,Run_3869,58,8.00E-05,300,3
3870,160,1400,Run_3870,54,1.00E-04,300,3
3872,160,1600,Run_3872,77,2.00E-05,300,3
3873,160,1600,Run_3873,80,4.00E-05,300,3
3874,160,1600,Run_3874,77,6.00E-05,300,3
3875,160,1600,Run_3875,76,8.00E-05,300,3
3876,160,1600,Run_3876,74,1.00E-04,300,3
3901,180,1400,Run_3901,55,1.00E-05,300,3
3902,180,1400,Run_3902,52,2.00E-05,300,3
3903,180,1400,Run_3903,52,4.00E-05,300,3
3904,180,1400,Run_3904,51,6.00E-05,300,3
3907,180,1600,Run_3907,74,1.00E-05,300,3
3908,180,1600,Run_3908,74,2.00E-05,300,3
3909,180,1600,Run_3909,75,4.00E-05,300,3
3910,180,1600,Run_3910,72,6.00E-05,300,3
3911,180,1600,Run_3911,74,8.00E-05,300,3
3912,180,1600,Run_3912,72,1.00E-04,300,3
3943,200,1600,Run_3943,60,1.00E-05,300,3
3944,200,1600,Run_3944,61,2.00E-05,300,3
3945,200,1600,Run_3945,62,4.00E-05,300,3
3946,200,1600,Run_3946,61,6.00E-05,300,3
3947,200,1600,Run_3947,60,8.00E-05,300,3
3948,200,1600,Run_3948,62,1.00E-04,300,3
3949,200,1800,Run_3949,76,1.00E-05,300,3
3950,200,1800,Run_3950,78,2.00E-05,300,3
3951,200,1800,Run_3951,77,4.00E-05,300,3
3952,200,1800,Run_3952,79,6.00E-05,300,3
3953,200,1800,Run_3953,78,8.00E-05,300,3
3954,200,1800,Run_3954,76,1.00E-04,300,3
