"Day1","Day2","Day3","Day4"
48,60,11,6
124,35,14,3
88,63,5,5
108,37,11,0
105,46,0,0
99,57,0,0
53,26,0,8
120,40,3,9
75,54,24,2
97,57,15,4
100,61,16,5
97,73,22,9
63,54,13,0
69,46,8,4
85,58,15,11
108,44,17,11
132,27,17,5
63,54,17,5
106,51,19,6
81,42,17,2
94,70,38,1
80,40,2,7
112,59,24,6
130,39,22,11
26,47,28,7
93,56,18,2
100,51,21,10
42,59,7,1
72,22,32,2
105,55,10,7
52,58,8,9
97,64,41,10
58,42,11,0
69,66,11,0
59,48,7,9
75,66,11,0
81,31,23,8
11,26,31,5
73,41,12,2
93,64,23,6
71,51,13,0
85,36,34,5
101,22,0,5
58,40,9,6
70,32,20,5
120,50,29,3
62,71,33,13
106,37,14,0
64,40,0,8
44,42,28,0
72,58,14,7
105,52,38,12
68,53,23,4
92,73,17,4
19,63,32,9
74,69,0,1
122,86,21,6
99,73,17,5
53,54,24,12
46,75,7,1
66,72,27,10
60,53,13,2
107,49,19,5
79,44,25,0
43,68,28,8
47,50,11,7
75,59,25,2
46,39,0,10
71,49,28,7
45,42,7,0
20,39,30,9
105,36,20,8
108,44,35,0
59,38,16,0
64,76,25,6
102,49,13,7
66,33,18,13
123,28,6,10
76,53,16,10
99,46,5,0
92,62,18,5
97,44,12,0
94,46,28,9
65,51,20,0
60,40,27,15
80,49,26,5
10,66,24,3
49,56,7,3
72,29,14,11
56,31,9,1
64,57,32,7
61,65,8,2
70,24,17,5
52,48,9,2
53,42,4,0
36,72,8,8
95,49,13,6
81,67,14,16
32,36,0,3
89,16,16,8
44,68,0,0
106,50,4,9
89,37,23,4
97,59,11,3
106,30,3,9
58,42,25,9
104,44,10,1
47,48,8,0
58,58,17,8
55,69,12,12
102,46,12,1
85,41,26,10
89,24,6,5
71,37,19,2
49,60,5,15
60,44,11,11
48,44,9,8
71,38,22,0
106,70,17,11
94,34,9,2
133,50,8,8
59,70,17,5
44,30,3,6
23,28,26,2
44,55,6,14
104,39,13,6
88,55,19,11
77,46,6,5
60,50,19,7
42,38,12,9
103,47,16,14
70,76,20,0
76,55,22,0
93,47,14,9
66,49,25,10
97,68,11,3
81,62,20,2
106,97,23,8
115,39,31,6
84,53,16,4
101,52,9,0
59,56,22,5
29,27,22,0
21,40,12,0
71,48,4,3
63,37,26,1
82,56,18,8
58,35,9,4
51,49,10,9
37,42,16,7
82,47,3,8
88,49,0,10
87,41,9,2
87,48,9,0
70,75,7,7
118,63,10,3
43,47,0,5
86,38,6,8
68,48,9,11
76,42,20,3
86,64,15,8
62,50,16,2
159,54,9,1
122,48,20,7
55,46,7,5
68,47,28,4
48,64,2,4
44,60,0,9
25,40,19,13
75,15,25,7
54,81,2,11
95,59,13,0
103,52,8,11
106,62,26,9
61,54,24,7
58,43,18,8
70,64,23,8
25,29,0,3
59,71,7,10
90,65,15,7
56,45,7,8
48,41,18,4
73,65,6,3
90,22,6,1
79,66,22,4
74,18,0,6
109,43,14,7
50,63,7,3
110,38,22,1
91,75,11,3
95,56,33,6
74,46,22,3
31,45,19,13
76,26,22,7
101,60,19,0
35,28,15,9
64,60,9,8
46,53,0,1
102,33,22,7
61,22,26,4
93,44,25,5
44,59,22,10
100,63,12,7
84,62,25,7
76,42,13,16
56,34,4,1
85,21,19,7
79,43,19,10
69,82,6,0
82,45,17,9
47,40,8,9
43,67,26,5
76,52,4,6
95,50,21,9
86,73,14,2
91,68,18,6
53,65,8,7
39,57,11,0
45,33,13,14
60,69,40,9
80,45,22,0
114,31,31,1
93,75,11,8
47,67,3,0
105,66,12,0
49,38,5,9
106,64,30,10
46,19,0,5
85,56,1,7
110,37,33,9
92,52,10,1
81,63,11,3
97,61,0,6
69,24,30,10
73,47,10,4
57,57,7,1
63,47,27,2
50,56,19,0
42,67,1,0
71,40,11,6
68,60,9,0
96,46,42,11
111,44,19,3
97,45,13,6
58,65,22,9
59,59,7,2
58,48,32,0
59,19,19,5
110,47,22,3
88,5,7,0
65,47,13,0
109,68,25,6
84,40,10,1
70,54,7,2
48,53,9,8
91,39,8,0
46,30,11,0
92,26,18,1
59,66,19,10
76,62,15,0
108,47,10,4
66,38,13,0
45,37,3,2
62,38,13,14
80,53,15,7
52,37,34,0
38,78,11,8
96,39,16,9
41,49,22,3
115,35,9,2
63,43,12,5
102,19,40,5
60,56,4,0
83,68,18,11
59,44,17,6
123,51,17,0
69,45,23,2
86,47,40,7
53,0,29,16
41,36,20,0
114,44,5,2
67,34,21,8
91,74,0,9
89,63,13,0
75,57,14,8
56,51,20,5
50,75,9,4
30,64,23,5
78,61,18,10
75,16,6,8
73,31,22,0
57,49,15,13
71,81,3,4
33,37,4,8
58,66,15,2
74,54,22,2
51,54,11,5
109,50,4,2
74,41,13,3
68,63,4,1
74,30,23,13
112,61,27,0
109,66,18,0
69,60,16,8
73,52,8,5
44,46,28,5
77,49,22,4
62,54,27,3
76,54,31,6
59,40,12,4
83,48,14,0
78,62,16,0
51,39,8,5
56,27,0,0
88,68,18,8
104,65,0,0
9,72,5,9
94,40,11,0
82,46,12,8
68,62,14,3
52,38,9,3
98,39,19,8
106,62,19,5
44,59,6,3
83,53,30,10
56,45,1,7
57,45,3,7
40,45,14,11
87,46,20,0
100,59,19,6
84,38,25,4
107,76,2,0
89,57,0,10
72,59,11,11
107,49,17,1
18,43,17,9
56,35,12,1
35,74,17,10
83,54,20,9
86,66,25,3
33,55,17,9
55,51,19,5
124,62,4,9
78,47,17,1
15,52,30,3
79,33,9,10
50,64,20,9
57,53,19,3
67,60,18,6
60,58,38,15
43,31,0,4
82,79,8,0
84,39,24,5
95,48,11,10
118,19,38,1
99,47,17,1
90,32,11,5
84,38,7,10
70,63,33,0
91,63,31,6
77,21,14,9
111,49,16,4
72,31,8,10
82,67,14,0
92,59,15,0
75,44,7,0
32,44,9,5
77,48,30,12
89,54,8,8
75,60,22,10
49,60,14,3
57,51,3,7
78,36,13,9
64,82,23,0
57,61,17,9
11,42,4,12
91,64,7,0
85,55,28,17
80,64,13,20
64,37,11,6
156,55,1,11
63,40,2,0
78,58,27,6
97,43,0,8
63,59,30,5
93,78,9,0
89,43,39,4
63,58,20,2
111,41,6,5
90,43,20,3
33,37,11,5
61,65,13,5
40,61,23,0
81,14,18,10
61,91,9,9
62,29,6,10
54,42,26,1
55,44,15,0
66,63,17,11
95,52,23,9
53,52,3,5
74,58,25,7
61,49,10,12
94,45,9,3
75,60,5,2
105,39,14,2
40,58,0,8
76,49,30,11
89,65,11,0
80,60,4,0
95,32,8,14
77,56,22,0
106,45,8,2
84,39,19,9
83,54,6,9
109,65,31,6
106,34,0,16
60,54,0,2
101,44,11,6
107,45,25,0
70,38,8,4
52,40,28,0
64,62,1,10
78,38,5,6
100,29,26,2
104,47,14,5
78,44,13,5
112,64,0,4
34,24,8,17
31,44,17,20
97,55,0,14
60,40,16,3
51,67,6,12
115,94,8,6
120,74,31,2
80,49,9,5
52,60,0,5
80,47,12,3
111,79,19,7
54,21,8,7
95,69,26,6
46,33,9,12
38,54,16,11
49,46,9,2
62,33,17,1
102,58,36,8
94,59,16,5
96,83,24,0
80,38,23,11
73,77,0,0
127,46,23,4
97,38,15,22
37,71,13,3
93,38,18,0
116,80,5,0
81,62,12,3
101,44,29,2
66,53,12,5
86,41,4,3
51,68,0,10
92,56,12,7
36,43,14,7
80,60,17,15
75,47,3,4
99,63,18,5
75,26,0,15
73,14,7,3
79,37,24,9
61,21,35,0
58,44,8,4
83,42,23,7
51,45,0,3
79,38,19,6
82,52,11,4
110,43,0,2
56,36,14,3
69,54,18,0
113,40,17,0
84,58,12,15
85,61,0,3
63,52,26,9
101,65,0,3
85,50,16,8
88,48,12,6
71,48,1,0
97,56,5,5
93,53,25,0
84,46,19,13
58,46,9,0
67,58,23,6
111,49,12,0
114,23,11,0
117,63,13,1
52,56,15,8
86,11,2,1
88,47,16,0
78,66,22,4
55,50,26,17
82,62,17,3
73,43,18,3
57,43,20,9
83,56,29,6
101,52,21,16
82,43,5,0
117,61,15,6
90,46,4,1
91,45,25,9
69,49,0,11
52,45,14,0
75,33,0,3
84,54,9,0
91,48,26,5
116,44,30,6
51,26,22,8
136,44,3,11
54,64,0,10
44,58,12,2
126,64,11,7
70,55,24,13
73,54,6,4
95,45,14,6
70,43,17,12
107,53,4,7
73,48,1,8
17,74,7,4
69,41,13,2
71,52,0,8
80,41,9,14
23,62,10,8
108,46,1,8
63,43,28,7
105,38,32,13
58,71,0,14
79,67,19,1
81,52,12,9
82,47,17,11
81,43,28,2
29,47,18,0
69,47,13,4
17,62,18,5
106,79,6,7
31,6,3,0
98,51,23,5
55,41,9,0
93,68,4,12
73,76,16,1
69,34,30,5
82,37,28,9
103,14,28,10
117,56,23,7
79,62,29,4
64,62,24,2
69,68,5,14
106,42,19,4
102,41,8,9
107,91,15,10
61,65,19,6
69,33,10,20
116,28,0,2
60,76,15,11
78,52,25,10
57,37,15,9
20,42,4,10
70,60,10,8
86,45,6,10
47,55,19,7
32,20,14,5
83,29,21,7
73,59,22,10
80,59,27,0
58,56,25,6
66,77,19,0
112,27,15,15
107,53,1,0
147,39,10,0
67,59,13,9
109,20,20,8
72,69,14,4
72,81,14,0
44,25,25,0
62,47,4,2
96,37,4,9
109,32,13,2
70,42,23,14
55,20,14,2
88,41,8,5
99,43,30,2
80,33,16,11
95,36,10,2
97,19,12,3
69,39,10,6
62,28,7,4
106,73,22,5
128,66,18,10
70,58,12,12
55,55,19,0
81,59,8,14
72,40,25,3
38,66,11,0
94,48,23,1
98,34,9,8
58,49,17,3
89,74,3,4
63,12,28,11
57,61,32,9
27,29,18,3
79,7,24,4
34,65,13,17
101,47,28,0
41,56,9,0
111,55,22,0
67,33,18,11
56,16,23,10
111,19,21,11
89,55,18,9
84,61,0,6
59,82,22,0
63,69,12,10
57,39,18,1
80,43,0,1
49,42,16,3
72,65,41,6
89,65,6,2
44,80,3,7
103,60,6,2
93,43,5,17
39,51,23,8
94,58,0,0
63,48,9,4
59,40,19,3
88,40,18,12
83,33,0,4
18,34,28,14
81,45,2,7
81,62,24,3
41,54,7,1
95,59,7,4
99,36,29,8
46,52,38,10
85,62,24,7
108,63,14,4
60,32,22,1
122,47,26,6
85,46,16,0
100,53,11,0
70,47,23,7
20,25,2,7
98,51,19,3
36,19,15,0
82,44,20,5
109,64,2,9
41,42,20,7
31,57,29,1
104,46,7,3
19,61,0,8
51,57,5,5
122,33,23,12
78,48,31,10
107,27,23,13
48,90,1,0
73,43,9,0
85,48,20,8
44,58,7,3
86,44,23,7
118,52,25,8
87,60,16,9
55,34,16,10
53,63,16,8
131,26,0,2
72,72,26,0
53,76,8,10
98,52,9,3
80,61,28,9
74,63,10,12
60,32,8,8
100,56,14,3
82,54,22,5
77,18,33,0
102,42,0,0
80,49,17,7
100,35,26,8
118,55,4,14
93,54,25,3
95,61,23,5
92,69,24,9
76,47,16,5
61,25,19,8
29,59,20,1
102,52,20,1
115,79,36,10
16,51,19,8
57,42,22,7
79,83,14,12
62,57,8,16
43,57,0,9
62,71,9,5
74,19,20,9
83,52,11,8
89,48,22,4
74,57,24,10
69,55,13,8
77,56,0,5
78,75,33,4
139,88,25,5
113,76,28,12
37,58,14,5
87,56,10,0
47,67,23,9
68,47,36,10
58,65,0,0
113,52,12,6
60,30,5,7
67,44,11,7
87,62,0,0
109,47,15,4
12,35,20,7
113,52,8,3
79,47,37,2
51,18,25,0
86,83,19,7
51,60,29,7
48,59,23,3
75,39,29,6
75,46,7,7
80,74,30,2
69,87,4,19
41,64,19,12
40,47,5,0
100,60,26,0
37,60,4,0
93,52,17,4
55,73,0,6
99,39,15,16
73,44,25,0
68,65,26,9
82,50,11,1
87,71,19,2
84,73,25,7
59,75,11,12
93,60,29,12
107,51,7,1
60,51,11,2
42,33,18,0
86,24,25,4
63,86,1,8
51,39,0,0
98,44,7,1
97,56,17,7
61,60,0,0
65,24,26,12
94,58,25,7
78,48,14,10
130,51,0,8
62,56,2,9
107,52,10,0
83,43,7,0
87,46,17,5
67,65,18,3
63,51,13,2
61,33,0,1
56,59,15,3
90,70,26,4
49,18,22,0
36,48,10,1
47,57,6,7
33,49,18,1
82,41,18,0
139,52,9,0
97,61,17,10
105,61,12,1
96,31,0,12
103,60,22,8
42,63,12,0
74,62,34,2
74,52,8,9
76,55,23,10
41,75,15,6
46,60,8,4
105,67,24,5
111,24,0,7
77,61,32,3
80,67,13,0
67,49,32,4
42,71,18,8
97,46,6,7
63,62,16,0
53,37,0,7
107,41,29,7
106,48,21,0
99,68,11,6
118,67,7,0
96,55,0,0
70,35,26,4
109,43,18,7
87,39,0,17
68,61,44,9
67,58,26,5
108,64,27,11
100,67,30,4
79,34,0,8
44,85,15,6
63,40,20,0
98,48,16,0
90,58,8,10
68,38,12,10
90,53,12,8
104,38,38,6
70,47,31,2
95,52,23,7
76,42,26,10
98,58,17,5
34,64,10,5
37,52,23,0
74,49,16,8
48,52,0,9
83,48,35,2
56,74,18,0
83,23,4,6
119,57,14,2
70,56,19,1
75,62,8,6
72,41,6,0
112,29,21,9
64,33,2,0
69,74,33,1
125,38,11,5
105,66,9,13
78,39,3,3
99,15,1,9
93,47,19,8
76,64,13,11
94,36,13,14
45,44,5,1
70,51,16,15
41,52,31,9
106,27,6,7
56,52,13,13
48,50,20,4
65,26,26,9
51,28,0,0
116,51,6,8
50,37,3,2
100,53,7,11
20,50,3,12
97,62,0,4
108,57,14,6
61,51,24,5
57,69,15,8
113,32,23,3
108,67,13,12
88,52,15,0
94,58,5,0
92,18,26,2
72,36,36,2
82,43,33,7
64,34,0,10
75,58,20,0
83,42,20,15
120,73,0,1
57,62,21,4
66,48,3,8
70,52,15,11
95,44,5,8
67,22,20,7
106,46,14,10
68,54,20,0
98,54,34,9
75,53,19,7
62,22,11,4
79,24,0,12
73,45,0,7
93,48,1,5
92,37,5,5
85,38,12,9
91,54,10,5
86,50,22,1
52,59,31,5
61,39,17,2
33,38,20,4
50,49,22,10
115,60,17,0
75,49,18,9
27,53,13,1
37,61,21,3
115,24,26,3
122,40,22,5
82,60,8,2
50,27,20,3
79,56,10,11
80,53,16,11
40,64,12,0
50,24,8,1
51,42,28,2
86,64,0,8
63,71,27,4
58,53,15,10
111,75,21,4
85,55,18,3
97,54,29,8
75,29,12,5
100,25,3,11
74,42,15,5
53,59,22,7
50,38,8,3
31,66,33,6
78,45,19,2
75,63,21,7
112,79,34,4
98,72,23,5
97,30,16,3
98,55,12,0
80,61,17,0
100,45,29,9
72,54,4,4
76,50,6,2
68,65,46,5
49,40,18,12
100,33,0,0
51,21,0,11
64,54,22,14
97,58,30,4
76,59,15,5
82,30,11,15
106,7,10,2
63,64,5,13
63,62,19,1
71,71,17,4
132,42,23,8
99,65,10,8
76,38,14,5
78,48,23,2
88,64,22,5
63,49,0,3
86,57,18,2
55,40,20,5
93,37,10,3
72,55,11,3
93,45,14,0
61,59,22,9
58,50,25,5
70,71,18,8
115,50,10,7
87,55,4,6
89,56,12,7
94,26,14,6
85,36,0,7
65,46,3,1
40,55,12,2
10,52,3,4
58,64,4,17
74,51,11,11
75,63,18,7
68,61,33,7
117,54,13,0
53,66,22,0
52,43,23,11
103,52,11,3
33,37,17,8
89,41,15,3
48,31,13,1
55,52,28,7
84,68,16,5
31,42,29,5
111,75,29,1
121,41,17,3
83,62,0,2
30,47,14,14
73,62,24,4
117,38,32,5
62,35,15,7
73,48,8,12
95,47,16,3
79,61,12,7
95,15,8,4
76,31,4,0
62,51,18,6
48,28,15,8
61,55,21,7
57,32,13,8
51,23,8,3
31,63,6,12
75,71,4,4
84,72,31,0
64,65,3,3
83,37,16,5
25,67,9,8
90,56,17,0
92,48,19,0
99,76,3,0
53,63,52,6
57,39,27,4
108,28,28,0
74,34,21,17
97,69,12,0
4,57,15,2
43,24,25,10
81,33,9,1
116,60,19,8
42,58,15,3
85,58,32,0
81,83,0,9
55,50,0,5
50,71,9,6
100,42,21,7
82,65,32,3
50,67,32,11
26,61,8,8
88,54,17,1
78,12,0,10
127,40,0,7
55,65,20,5
89,45,6,6
93,76,9,16
92,68,0,13
20,59,15,7
99,66,35,2
80,62,11,5
83,63,4,1
43,46,24,1
43,37,0,14
80,52,6,1
111,46,31,1
48,28,23,5
54,49,35,0
110,32,20,6
109,22,5,5
56,42,14,5
89,33,24,0
51,44,28,2
55,70,22,9
89,35,7,6
99,38,23,0
73,47,11,7
71,55,10,6
73,64,15,3
82,48,15,6
58,32,14,4
64,54,0,11
113,69,16,6
46,51,24,7
74,85,7,0
66,36,28,12
80,73,12,12
46,59,18,5
142,61,12,4
48,42,10,2
53,59,13,0
58,72,32,0
72,90,14,5
62,48,20,3
83,58,35,0
67,65,14,7
73,74,1,3
101,54,20,4
107,34,11,0
35,49,18,8
34,68,12,2
88,46,11,2
127,23,20,9
78,46,7,6
63,66,8,9
61,71,14,8
57,41,7,15
90,39,9,2
33,53,42,0
35,80,9,4
101,55,0,8
92,44,22,2
101,31,20,0
129,39,38,4
37,70,8,9
118,59,14,3
75,63,12,13
103,55,24,0
105,21,19,4
62,49,29,4
60,68,22,9
90,31,2,1
103,31,6,6
67,63,21,11
24,45,15,14
57,66,26,10
61,34,23,4
63,29,26,8
92,79,9,8
53,32,4,0
94,36,14,2
38,51,16,11
91,61,15,9
57,41,7,10
58,24,15,4
68,57,36,12
93,33,24,0
126,33,3,6
64,34,13,0
79,52,8,0
78,41,13,3
32,41,21,4
101,66,34,3
68,47,8,2
24,65,7,1
115,55,8,0
49,27,16,6
48,47,6,1
141,55,27,0
146,61,34,5
46,54,9,1
101,22,21,0
75,47,16,10
131,48,22,1
89,65,6,9
51,44,9,2
69,47,7,19
42,42,0,13
79,45,14,0
44,36,6,13
118,62,13,0
126,34,13,2
38,33,18,0
62,56,6,13
94,52,11,0
79,23,7,1
41,26,16,3
70,73,11,8
105,29,19,0
72,27,17,6
61,86,0,0
86,63,29,8
98,37,27,14
52,67,0,13
34,52,7,7
36,48,6,8
63,21,6,7
87,44,12,7
49,69,16,2
68,43,15,4
68,59,1,2
79,78,0,13
83,40,12,7
18,33,5,8
82,33,28,7
47,47,11,3
62,73,9,3
71,59,0,15
101,48,25,3
43,55,24,7
90,31,7,5
72,42,22,3
96,37,16,0
64,63,26,11
111,40,11,2
95,80,4,0
45,55,15,0
63,74,15,6
30,41,13,6
56,48,17,6
93,46,0,0
61,40,7,10
65,45,12,6
87,46,20,5
80,54,19,14
42,27,10,9
93,34,12,3
113,47,22,10
72,52,14,13
49,70,0,12
83,38,7,5
78,32,14,7
84,28,15,8
65,33,7,9
147,43,12,2
138,67,12,4
89,44,20,1
59,42,19,0
88,50,19,0
85,25,21,3
98,59,25,1
73,70,18,7
54,26,13,11
40,61,28,5
80,24,22,3
106,64,15,6
68,25,27,7
83,34,17,2
35,56,24,1
73,46,22,9
63,50,28,8
74,55,8,6
64,50,12,6
49,46,9,7
39,49,11,2
43,47,16,6
97,62,21,11
95,50,18,7
75,59,7,11
71,73,16,8
49,52,15,0
66,53,19,12
96,57,2,7
106,50,15,2
86,53,31,6
66,50,26,2
57,24,0,4
53,64,1,8
68,41,18,1
80,29,25,15
77,41,6,10
68,62,8,5
66,62,36,5
68,56,11,0
86,48,31,8
56,60,12,18
94,40,8,8
47,19,14,7
47,52,14,8
134,39,18,3
66,55,2,6
76,56,17,0
17,48,24,14
63,46,14,0
69,60,20,7
95,14,11,1
73,40,8,4
31,74,15,8
86,42,23,5
127,66,26,12
80,67,20,2
58,28,10,0
68,50,4,0
70,44,12,0
55,77,6,10
73,39,35,14
47,44,5,9
77,33,8,17
61,86,19,0
84,48,16,11
58,48,15,2
43,70,18,5
46,48,19,4
75,44,0,7
88,43,25,0
60,41,40,3
83,32,11,0
20,41,4,5
112,53,0,11
81,67,23,0
86,92,28,2
87,26,19,14
61,53,17,5
63,46,27,4
71,63,8,6
98,62,17,2
82,52,5,4
61,54,11,7
111,53,27,0
88,63,18,2
130,38,2,7
119,58,21,0
81,63,34,13
102,79,18,2
73,41,24,13
103,61,12,6
47,73,5,10
48,55,14,7
34,29,0,5
112,37,26,5
72,59,11,3
81,58,23,6
45,48,20,8
90,65,26,13
41,65,28,13
86,29,22,4
48,60,31,0
82,56,11,8
65,66,13,9
54,36,5,1
76,61,1,11
63,71,26,3
44,62,23,0
55,66,0,2
94,34,24,8
85,48,8,6
93,58,38,7
30,41,7,11
105,56,10,8
98,65,10,4
75,35,16,1
74,32,24,0
54,56,13,5
66,46,9,0
59,66,22,4
65,23,31,7
86,48,14,0
82,60,27,2
60,48,26,2
80,44,17,0
66,49,5,10
48,44,0,8
137,53,14,13
93,43,10,0
72,47,21,1
78,61,1,1
30,57,19,2
62,59,8,6
81,62,12,4
82,38,32,7
91,41,25,6
81,66,13,0
68,40,8,13
102,33,17,2
105,46,21,0
71,57,0,0
124,45,0,18
89,34,14,2
59,71,6,6
133,58,30,2
70,64,17,1
80,38,30,7
104,77,0,5
36,46,31,6
71,30,10,1
97,37,37,5
110,79,13,2
66,58,31,0
49,63,21,9
94,53,3,10
78,39,10,16
83,53,4,2
116,55,13,12
106,35,30,0
90,34,33,7
85,55,9,7
109,45,10,0
75,43,10,9
97,48,24,7
96,43,16,10
73,44,15,4
78,57,20,3
84,50,35,12
73,29,20,3
67,38,24,3
84,51,11,9
64,59,0,0
56,26,0,6
131,47,6,8
68,67,21,14
45,62,0,2
76,34,4,4
82,28,10,6
77,52,20,0
114,44,28,5
124,41,12,11
87,33,12,0
78,33,11,0
105,45,8,1
65,65,18,9
108,43,27,0
87,53,10,10
21,49,4,13
94,57,7,9
79,50,2,0
22,74,13,7
90,45,17,12
51,72,17,11
81,45,18,2
51,39,9,2
48,32,20,7
98,70,16,7
47,48,43,5
79,37,16,2
65,63,8,0
93,42,13,8
104,68,13,8
73,62,41,8
51,65,9,6
84,43,14,0
73,39,0,11
86,43,26,0
75,47,23,9
79,44,7,9
68,60,31,6
69,62,0,2
30,65,26,0
129,23,22,4
94,55,11,0
108,42,14,1
32,35,29,0
88,58,48,11
108,39,4,10
103,74,28,9
81,41,9,7
78,42,41,0
85,55,10,6
54,30,29,2
37,52,0,0
45,38,9,12
95,54,16,10
78,55,7,6
104,52,7,9
63,52,19,12
58,48,3,5
113,32,27,3
84,19,28,3
40,54,8,0
53,64,21,4
129,53,26,13
91,50,7,4
76,45,23,0
76,67,5,5
100,67,19,5
117,50,22,17
76,54,23,7
139,49,32,0
116,62,11,11
69,44,26,13
104,55,5,4
69,42,8,0
109,21,10,6
98,61,24,0
94,46,21,12
74,40,0,2
50,51,5,4
94,54,25,1
50,46,21,9
75,39,18,0
35,53,33,3
66,55,28,8
114,51,6,10
78,61,20,0
42,51,14,7
69,51,7,10
75,69,25,12
76,71,27,5
91,53,24,5
106,29,28,1
76,44,5,8
97,57,13,6
91,41,20,7
20,48,24,8
104,30,19,7
66,84,12,12
65,49,37,0
95,53,39,4
69,48,6,0
49,67,16,9
90,51,0,0
27,54,1,0
46,15,15,6
62,55,27,8
18,60,44,7
32,54,28,3
88,60,18,0
116,46,8,1
101,49,19,0
94,49,8,3
90,73,0,2
88,63,19,3
63,15,15,12
53,61,22,8
96,35,22,7
70,48,25,5
94,58,8,8
30,51,26,2
108,32,9,1
118,60,4,0
33,55,8,10
41,53,13,1
69,24,0,4
62,49,7,4
23,39,7,7
107,56,8,7
18,49,10,6
105,43,37,2
131,31,24,0
34,54,27,4
44,78,15,4
94,67,0,4
48,56,12,14
49,44,6,7
81,55,10,7
49,35,0,4
90,69,18,2
47,57,13,0
73,27,27,6
59,58,11,2
83,45,28,15
77,38,11,17
90,50,17,9
121,55,7,0
55,52,18,2
48,57,25,4
83,63,14,1
100,42,6,1
51,64,30,4
82,35,6,10
92,31,1,2
96,56,14,3
82,58,23,0
62,53,38,3
73,46,39,6
60,56,0,0
42,24,26,10
84,103,23,12
24,70,0,11
56,48,5,11
62,31,6,4
55,37,1,12
107,63,13,0
42,41,26,8
73,62,27,0
68,64,13,0
70,65,16,13
27,59,13,9
53,67,13,4
63,78,26,0
43,45,20,7
63,37,30,0
67,30,21,5
37,50,5,0
103,53,9,2
55,52,43,6
67,32,21,0
67,63,34,3
107,72,0,0
45,31,14,1
123,38,27,8
52,57,19,10
97,47,11,8
83,53,16,6
61,42,26,4
121,60,37,0
125,54,7,0
90,61,18,0
41,39,16,8
71,46,41,4
65,36,8,14
89,41,15,0
92,50,6,4
87,57,24,4
109,58,0,0
87,20,12,15
80,75,23,5
71,16,13,2
81,37,31,0
34,64,12,8
78,58,16,1
57,54,33,9
79,49,31,2
98,62,13,7
71,52,3,12
76,36,17,5
96,50,13,8
45,49,24,0
103,19,39,3
28,34,8,0
63,51,15,12
78,26,4,7
76,65,9,4
73,79,17,1
85,48,22,12
52,53,9,3
79,50,2,5
61,56,0,0
85,37,25,8
66,56,14,0
96,49,14,3
5,74,17,3
71,44,21,9
78,51,24,0
76,69,6,3
64,30,3,0
92,22,7,6
79,42,24,6
78,48,30,0
128,59,0,7
43,54,27,6
74,74,0,14
48,29,15,7
56,77,0,4
49,40,7,0
84,45,33,4
57,51,0,8
58,39,8,4
82,56,25,12
61,30,9,3
37,40,8,1
66,51,14,7
55,51,11,4
72,71,16,10
82,50,8,1
70,28,15,6
74,68,23,7
56,59,15,16
88,66,7,1
90,25,6,6
105,32,11,0
64,37,16,6
76,40,12,0
93,38,3,8
140,34,22,2
69,49,17,1
55,34,2,9
93,45,18,5
45,42,21,11
77,74,21,5
112,68,21,0
62,61,17,4
50,62,8,2
100,53,15,13
69,70,12,9
130,54,19,3
103,53,18,2
53,53,20,5
59,62,42,7
89,47,17,5
65,66,27,0
61,50,17,12
37,51,2,0
57,72,16,12
92,43,15,0
63,34,27,15
95,65,11,0
71,9,34,1
100,22,0,4
42,71,5,12
89,54,8,9
127,53,12,6
45,59,20,12
68,60,11,10
102,56,7,19
48,55,9,15
72,33,5,2
74,59,8,0
103,52,21,5
79,75,10,2
29,40,14,7
86,42,8,10
105,63,30,1
40,68,16,5
106,57,18,9
71,51,13,0
99,61,6,9
63,54,25,6
96,42,15,6
96,61,25,0
75,27,0,12
87,41,6,1
57,43,4,11
85,59,4,4
80,35,9,7
27,68,7,0
78,68,12,5
51,46,15,5
67,64,16,0
129,67,19,0
63,63,22,4
90,76,11,2
116,67,5,6
29,52,20,0
38,64,0,0
83,52,0,0
67,39,19,12
49,64,13,2
66,35,1,1
32,33,8,6
56,53,10,5
70,39,23,1
102,52,0,6
125,50,15,4
116,21,12,6
66,59,31,0
77,89,15,0
50,40,19,7
80,64,16,0
71,49,8,13
61,46,22,8
100,62,17,2
87,48,20,10
67,56,8,2
60,61,3,0
122,58,15,7
56,65,22,12
65,60,0,9
29,71,28,2
81,30,13,0
66,35,18,7
51,34,2,4
56,55,13,0
115,85,19,13
82,28,17,8
24,66,1,3
83,71,33,7
61,70,18,8
62,29,9,12
95,73,0,2
87,57,21,2
55,27,27,0
57,56,13,3
70,22,16,7
88,55,26,11
90,65,35,7
49,60,1,11
48,39,14,12
72,56,0,5
50,57,20,15
77,61,15,13
58,37,13,10
102,47,29,13
73,63,13,3
74,74,30,11
37,62,5,2
17,58,14,9
104,51,13,5
29,49,10,6
23,74,11,10
67,60,18,11
47,42,5,13
64,52,15,3
28,39,23,12
81,66,7,10
52,40,13,2
49,62,14,1
58,22,14,10
68,49,24,6
67,71,9,0
105,33,5,10
59,64,11,8
97,52,21,8
105,45,36,0
72,58,8,6
117,35,18,2
55,45,1,4
60,56,20,0
43,39,18,8
101,49,23,1
73,34,13,8
110,41,20,16
78,56,8,8
41,45,14,8
49,12,11,5
151,57,10,10
56,31,7,10
46,54,0,4
69,47,21,4
68,43,19,10
92,41,9,10
69,53,8,0
39,53,0,11
41,51,9,10
74,45,26,1
61,60,12,8
110,81,17,4
72,49,20,0
88,41,27,10
38,62,14,4
52,50,39,5
72,68,22,7
96,43,13,8
19,46,21,7
92,27,5,4
86,66,14,4
87,57,32,8
128,49,17,0
57,30,6,6
51,45,7,1
66,47,16,6
88,66,32,0
57,32,26,1
61,52,22,14
74,57,31,1
68,37,34,6
29,43,28,4
43,56,25,6
98,77,0,7
98,53,4,6
45,53,24,0
102,64,9,6
66,59,14,12
116,34,13,15
72,65,0,2
64,38,30,13
42,69,21,5
88,72,31,3
99,62,23,6
33,59,12,7
100,33,7,2
83,40,31,6
37,49,9,6
64,52,0,10
142,78,11,15
53,50,0,9
66,46,10,11
88,50,5,2
138,47,10,7
97,41,29,1
63,37,9,7
53,71,0,0
87,39,9,5
47,60,32,7
84,46,14,4
67,45,25,7
104,25,14,12
62,74,4,3
73,51,0,2
84,29,0,4
76,34,15,5
35,38,7,10
81,34,15,2
52,55,29,5
46,70,17,7
100,63,0,2
89,69,0,2
100,61,24,2
77,53,0,2
109,55,14,8
81,63,0,4
110,50,5,0
91,46,15,10
99,69,31,7
99,50,23,5
100,38,24,11
94,33,13,12
52,60,14,3
83,49,19,10
111,89,17,6
62,43,13,4
91,22,0,8
92,40,14,6
64,26,21,6
52,63,1,13
47,64,0,4
81,65,38,15
90,49,12,3
90,32,0,12
32,46,30,13
80,34,15,5
56,54,28,1
64,33,9,12
105,51,18,4
63,37,33,5
39,36,25,1
67,60,19,1
103,47,7,2
48,77,17,8
132,41,4,7
122,63,13,7
73,81,17,9
88,29,5,10
65,40,14,5
116,57,36,8
119,38,18,7
76,55,15,6
78,37,21,3
30,39,22,0
107,50,10,6
72,63,16,6
79,60,20,4
84,55,11,0
25,37,12,3
84,51,2,5
60,57,15,0
85,39,11,4
61,37,11,9
57,40,34,4
97,50,26,2
43,32,9,4
14,28,13,6
25,36,19,6
83,49,21,6
77,63,4,4
68,68,16,6
72,46,14,8
61,44,19,9
59,42,19,4
87,50,22,3
72,77,11,0
85,47,0,0
108,50,0,6
65,80,17,0
110,39,22,11
110,60,8,8
45,54,10,5
54,39,24,4
71,43,9,9
73,46,3,1
96,53,23,15
78,41,12,11
86,41,14,8
63,41,15,12
46,32,15,4
73,64,8,0
40,25,2,0
82,41,23,2
101,45,0,4
108,39,17,9
121,62,11,6
96,28,25,4
81,89,18,6
95,26,14,6
64,50,27,12
55,39,17,8
79,65,15,4
72,57,6,0
39,43,18,0
52,65,26,11
42,45,4,7
50,60,7,6
74,39,10,5
75,49,3,14
116,42,13,3
29,51,22,0
84,51,14,9
95,47,3,0
80,60,16,5
100,48,0,8
62,28,0,12
105,38,27,7
86,41,15,13
87,65,0,0
69,39,21,5
58,39,13,3
55,79,19,7
84,55,23,4
77,40,15,1
58,44,4,4
69,40,19,9
62,46,16,2
11,49,17,13
88,54,9,14
69,48,24,0
96,60,20,9
71,52,14,6
78,90,17,12
86,82,8,12
81,33,16,0
92,48,31,7
97,34,0,2
92,35,10,13
25,41,3,0
5,41,19,0
48,49,30,7
44,42,3,7
65,81,18,3
77,23,33,10
78,41,10,6
127,50,21,0
82,60,2,10
122,40,17,0
69,68,21,5
89,62,10,8
119,29,5,10
53,53,29,8
80,29,7,5
56,47,21,6
96,55,24,7
64,43,24,7
69,51,15,8
69,37,7,1
53,49,13,1
113,53,13,0
76,43,8,4
40,28,4,7
95,63,8,0
68,95,24,0
71,57,5,8
103,37,17,1
61,62,14,0
57,67,11,11
65,41,0,11
42,67,5,5
16,38,29,0
69,60,14,1
70,56,10,10
82,59,2,10
113,49,3,7
89,27,26,8
84,41,13,0
116,54,1,4
74,38,26,2
78,55,21,5
44,50,3,8
90,61,17,2
80,19,24,0
26,52,34,7
82,50,5,8
60,53,28,0
95,46,37,3
47,62,0,4
83,50,0,5
101,79,18,6
77,44,12,6
66,45,11,0
68,62,13,3
69,54,14,2
59,73,15,3
92,90,30,6
84,62,14,8
61,49,2,0
96,66,29,12
58,19,8,2
110,62,25,4
48,37,22,5
113,45,9,7
78,43,7,10
63,46,20,9
103,8,10,7
55,50,2,3
70,31,12,3
98,45,0,10
65,89,33,0
60,14,25,12
24,56,26,9
78,67,19,5
73,17,16,8
55,29,0,0
64,27,15,10
83,76,14,6
79,35,0,1
63,70,23,0
111,23,14,7
51,47,27,7
49,51,14,0
90,61,16,3
41,26,29,1
46,48,5,9
73,74,6,0
83,56,21,2
76,80,28,1
100,66,22,0
50,73,10,5
98,66,21,13
84,62,24,11
97,58,22,6
97,34,30,2
94,44,13,7
94,52,20,1
64,61,12,0
89,14,0,2
92,42,0,7
66,50,17,8
73,81,7,14
99,34,28,11
61,57,3,3
73,43,26,13
75,37,5,11
94,52,28,0
46,25,3,2
36,62,16,5
66,24,21,11
70,93,6,4
90,37,23,2
92,62,33,1
86,59,11,6
108,40,19,3
78,39,3,3
59,55,10,5
117,43,16,0
42,44,21,9
70,36,35,6
66,48,8,8
84,58,20,5
49,44,3,2
67,48,20,14
89,54,29,10
70,71,26,3
48,64,22,0
71,56,13,4
55,41,11,3
66,42,8,0
70,38,29,6
74,21,24,4
38,33,24,9
72,71,6,0
55,45,13,0
59,46,13,0
63,39,16,5
67,45,26,0
91,56,10,4
80,50,10,0
51,45,23,6
75,57,0,7
105,75,3,12
92,45,21,8
87,51,24,5
82,47,14,5
93,44,3,0
39,45,21,0
152,67,6,2
71,31,11,12
65,57,18,0
121,89,12,15
21,25,24,6
81,65,5,0
120,34,23,2
89,73,13,0
64,29,12,3
104,81,19,5
120,31,34,6
97,26,13,10
65,41,27,0
38,35,0,0
72,54,32,3
60,27,7,1
64,66,15,8
81,40,27,6
78,72,9,12
73,75,10,5
81,36,16,12
78,45,5,2
113,81,20,9
91,62,13,6
97,41,13,7
84,71,29,1
25,32,3,7
67,39,15,3
78,58,24,11
108,69,11,8
66,50,14,11
75,54,13,8
74,65,2,7
70,23,20,6
104,59,10,6
105,5,22,0
86,51,10,16
115,48,22,13
53,73,5,0
20,56,32,0
107,46,14,10
68,71,10,5
74,53,31,0
49,63,0,7
63,29,19,2
64,56,20,4
46,55,17,6
72,26,2,3
102,39,8,9
38,53,7,0
72,52,29,4
86,49,19,12
44,92,19,11
17,49,0,0
29,16,10,10
60,27,14,3
62,37,0,6
112,44,8,0
46,24,21,0
95,48,28,7
76,54,26,15
84,86,15,11
92,48,15,10
89,68,11,3
66,16,12,5
114,33,21,8
58,47,15,0
108,39,21,0
43,49,21,1
78,58,17,9
81,38,33,11
57,26,12,0
64,37,27,4
82,53,20,0
83,37,17,6
47,57,6,4
83,53,4,0
108,44,6,2
50,63,13,11
77,66,27,10
61,45,15,9
74,41,4,7
97,63,20,6
95,69,13,3
49,20,16,0
97,41,7,7
121,49,0,0
54,26,13,4
89,33,17,0
75,63,31,12
61,46,1,4
74,44,21,14
75,48,28,0
83,27,6,12
92,49,13,0
53,27,5,4
81,48,26,9
57,23,28,7
102,35,22,10
116,26,12,0
44,55,0,11
81,32,18,0
137,44,20,13
77,41,14,4
76,55,20,4
48,38,17,2
89,26,32,8
94,34,22,8
91,57,27,4
47,32,6,0
50,72,24,2
86,39,9,6
72,35,31,20
42,44,20,12
70,44,0,3
82,69,0,0
46,42,15,11
118,62,5,9
105,60,20,0
59,54,16,5
60,60,27,6
61,35,19,5
51,34,0,9
74,47,22,5
62,42,19,0
37,41,0,10
36,43,0,5
94,42,23,0
39,55,42,6
93,51,28,11
124,41,11,9
20,47,29,7
48,45,19,12
31,41,24,2
88,66,10,0
98,37,21,0
21,77,34,14
44,57,12,7
77,65,10,0
93,36,23,2
82,68,14,9
63,61,31,0
67,47,0,6
104,42,17,5
55,72,15,1
56,65,14,3
109,74,14,2
97,68,6,6
74,58,16,2
65,78,12,5
98,52,8,14
82,33,26,7
62,31,31,1
62,33,31,2
96,35,25,10
91,47,12,2
51,29,14,6
94,49,12,4
63,67,0,3
79,49,0,0
64,50,10,0
72,39,5,0
79,41,7,6
77,55,21,9
76,61,11,11
80,72,18,11
30,56,12,0
43,64,10,6
41,82,1,5
73,55,24,0
135,60,0,3
61,47,26,7
96,65,20,8
48,26,11,0
90,76,18,4
0,54,20,0
66,58,6,5
56,53,14,0
129,57,26,0
96,70,37,1
135,35,18,13
37,58,16,9
82,65,29,0
75,30,16,6
116,65,0,3
76,73,16,5
29,54,8,5
46,94,0,0
64,55,6,3
63,87,0,0
76,54,8,12
93,59,31,4
94,38,15,0
79,57,14,5
82,30,23,0
80,42,20,5
74,25,20,1
75,64,41,7
77,42,19,3
72,47,18,6
82,47,19,0
56,64,26,4
93,43,21,12
52,46,13,7
77,41,1,0
75,52,17,0
62,26,18,8
120,61,7,9
44,84,15,4
77,40,13,12
83,40,5,5
106,59,27,16
123,54,8,9
79,71,19,11
57,46,13,10
63,61,23,5
105,69,11,15
42,32,18,1
131,30,35,10
82,43,2,0
118,56,15,1
87,47,0,14
29,48,21,14
124,41,0,0
89,43,0,12
75,68,2,0
20,53,12,11
52,34,18,7
70,59,36,2
101,49,24,8
86,63,28,8
51,46,14,4
75,48,13,8
74,59,13,4
75,50,5,11
129,27,5,6
71,45,4,0
103,38,5,7
96,38,21,12
78,59,17,0
143,40,8,4
83,36,20,1
65,63,0,9
113,57,21,8
93,54,5,10
77,81,9,3
34,57,10,2
88,54,6,6
61,29,0,7
54,87,8,5
60,47,18,9
17,56,28,7
64,42,9,4
64,46,13,3
58,53,28,5
72,23,16,0
90,79,11,3
98,53,16,0
41,48,15,0
64,46,14,5
74,56,11,0
126,34,19,14
75,55,25,3
17,23,2,14
64,33,9,8
71,46,24,9
64,43,31,5
65,45,19,4
53,60,11,3
64,41,18,4
75,48,30,2
94,37,17,2
43,56,16,0
43,26,33,2
96,28,9,6
65,61,12,0
77,27,17,9
126,56,0,5
39,62,12,0
145,32,12,9
98,49,39,15
84,76,4,13
78,72,0,5
79,45,6,4
81,79,26,4
63,64,1,4
86,76,28,1
61,82,0,0
16,65,12,9
115,57,23,9
100,40,10,1
69,54,18,5
60,28,17,2
70,54,23,7
41,44,13,5
107,35,2,12
76,34,10,17
113,83,23,12
76,39,4,7
104,13,26,9
81,39,9,5
123,59,32,4
78,48,16,13
59,43,16,0
60,59,0,2
117,61,8,6
95,62,12,5
110,63,31,3
53,26,9,4
99,74,4,10
41,67,12,0
74,76,10,2
46,37,10,4
58,19,17,2
96,51,13,0
83,52,11,10
21,62,5,8
107,44,19,3
83,75,12,8
100,77,9,6
58,51,13,6
66,70,25,0
59,68,18,8
88,93,13,8
71,82,26,7
121,65,3,8
114,29,4,6
94,38,33,8
51,52,4,0
80,41,12,1
95,48,6,2
97,45,0,12
8,42,13,4
74,29,3,6
97,51,27,12
77,76,15,4
65,48,8,0
107,72,21,4
86,62,25,1
50,16,11,5
89,45,12,10
114,55,36,11
85,51,16,9
71,93,34,2
128,78,25,9
26,34,18,6
105,49,17,17
105,47,5,2
100,85,20,5
67,37,12,7
83,50,17,0
52,27,13,0
45,41,15,0
99,37,12,3
103,49,4,4
47,37,16,3
68,51,17,7
73,56,18,9
89,61,18,12
83,58,18,5
28,42,15,1
63,52,32,0
81,65,31,0
103,36,38,0
79,59,21,0
53,49,32,18
81,56,32,6
37,46,9,7
134,44,31,10
81,41,13,2
86,41,19,6
39,42,14,12
48,38,12,5
54,47,16,1
82,26,30,5
44,27,8,0
55,61,11,4
94,28,23,9
88,60,22,6
99,22,24,4
55,35,10,2
45,45,11,4
108,61,10,8
53,61,19,18
101,34,31,3
96,45,20,5
54,53,29,0
69,38,14,8
63,61,11,8
72,44,16,6
88,53,22,3
47,92,27,11
82,29,0,12
71,57,32,12
62,49,11,5
120,53,24,13
77,61,0,12
89,60,29,9
47,64,16,12
41,48,12,0
82,40,18,1
47,61,32,2
61,66,19,3
76,45,12,3
63,49,5,3
87,56,12,9
72,29,30,7
89,31,27,1
94,63,10,4
43,47,20,8
32,63,16,13
54,50,23,3
49,39,41,3
76,31,0,0
45,44,37,0
75,48,12,0
78,53,5,8
70,64,0,16
13,58,17,0
94,27,5,2
37,36,0,2
87,50,0,4
76,52,7,11
149,39,11,0
79,37,41,6
53,45,29,8
46,22,31,1
46,27,17,0
89,34,6,5
71,72,5,15
79,42,15,8
80,70,7,4
39,49,16,3
58,31,21,10
67,68,14,6
115,77,15,2
83,49,9,6
43,49,21,1
44,88,19,9
62,58,25,3
74,53,7,1
56,42,1,16
76,48,0,4
99,18,5,7
47,65,26,7
133,40,20,2
90,51,18,6
48,74,21,5
116,69,16,0
61,48,18,0
90,43,0,12
94,17,18,8
82,55,22,13
83,32,4,7
93,44,23,8
102,24,23,4
75,69,13,0
79,63,26,4
85,59,28,8
77,37,5,1
109,36,9,3
71,59,21,11
93,60,19,7
64,52,12,4
85,57,27,0
72,50,19,8
62,23,18,3
121,44,7,0
46,55,14,1
105,30,2,3
55,8,17,5
103,48,17,2
75,73,8,4
73,36,4,3
32,35,6,0
62,24,8,7
95,53,18,5
145,49,31,10
58,28,0,8
107,50,5,2
107,50,3,12
56,54,21,4
44,66,21,2
72,47,30,0
78,28,10,4
52,41,15,17
29,66,6,4
60,37,20,0
68,51,8,6
55,74,8,6
47,20,20,0
62,61,31,3
89,67,28,0
59,53,20,1
58,19,4,0
42,46,13,2
120,77,11,7
65,47,18,10
62,45,9,9
54,79,30,1
81,63,13,5
87,48,15,2
31,47,27,0
99,68,27,1
90,63,20,9
67,48,1,7
79,55,0,0
100,60,20,0
40,47,15,0
52,38,22,5
100,46,6,8
97,46,21,15
102,43,19,7
58,51,8,5
69,59,23,1
77,45,4,13
94,52,16,6
66,38,12,7
73,75,13,5
69,61,32,9
81,46,3,9
117,70,16,9
125,75,12,11
61,72,16,7
85,80,5,14
40,69,25,8
80,47,0,2
107,55,11,0
72,63,11,4
101,43,15,8
95,53,21,13
90,43,11,1
67,36,23,3
87,63,17,6
69,47,18,10
31,57,11,8
71,33,6,8
25,56,23,2
82,55,7,9
98,54,15,0
83,71,12,11
113,56,1,5
77,51,14,2
62,43,12,11
47,33,17,0
80,79,12,0
75,58,0,20
33,47,17,2
33,76,11,12
104,51,20,12
57,42,26,12
44,43,0,7
54,76,11,6
23,60,18,6
67,22,14,0
73,42,7,0
58,77,16,6
69,53,16,0
81,39,15,4
72,51,14,8
59,67,30,7
44,45,0,2
102,56,16,1
0,66,12,9
40,43,4,10
94,53,36,4
80,76,13,2
103,50,1,4
42,84,18,6
62,24,2,10
86,31,26,2
92,44,0,8
67,65,16,10
124,80,35,4
64,58,16,9
102,56,20,14
64,50,16,2
75,87,29,8
89,48,44,0
82,44,12,0
0,63,26,5
63,71,39,8
53,25,8,13
90,63,16,9
93,26,22,14
40,37,24,7
84,39,10,0
81,63,23,9
0,61,18,10
83,53,28,0
77,53,12,3
67,32,20,15
109,56,20,7
102,68,0,5
84,47,0,7
67,37,9,0
34,34,21,7
29,22,2,10
31,55,20,1
40,32,15,6
79,78,16,3
46,65,3,6
124,18,9,12
83,53,10,8
109,42,14,7
118,49,31,9
84,39,32,4
51,69,0,3
88,76,35,2
71,58,26,3
83,64,17,0
52,46,21,2
51,30,24,1
93,43,21,0
32,47,15,0
58,50,21,1
80,66,17,0
88,44,22,6
95,67,14,12
69,62,26,0
73,32,0,1
89,29,20,9
104,56,9,0
67,28,5,2
64,55,6,1
49,49,19,0
60,44,11,1
96,64,8,5
74,40,0,9
53,65,7,6
34,69,19,6
49,55,22,3
89,50,23,8
69,52,18,20
106,33,21,11
57,57,12,4
86,60,8,4
90,58,17,12
26,46,0,8
68,68,20,13
56,59,5,5
109,18,0,2
48,47,11,5
110,46,23,9
64,51,12,12
44,66,20,1
72,52,19,1
10,34,11,4
67,44,35,5
36,36,18,7
41,23,7,4
101,59,0,10
49,41,17,3
40,61,23,8
118,59,6,7
93,46,10,8
58,52,0,0
48,90,0,14
67,61,8,8
99,58,34,0
36,59,29,10
55,40,20,0
78,77,12,8
53,33,36,3
80,52,11,10
89,42,9,0
97,51,19,10
65,37,20,9
71,84,2,7
56,61,13,4
48,31,10,5
69,79,24,16
104,78,10,7
38,56,16,4
65,42,4,9
40,26,22,4
92,43,28,4
69,44,16,4
49,26,6,3
59,55,20,12
71,63,18,0
70,76,13,8
70,68,28,1
83,43,17,13
58,43,7,0
53,62,20,1
29,59,13,0
75,54,33,7
63,38,21,0
58,50,16,5
65,58,23,10
75,57,20,8
77,57,8,3
45,34,9,10
134,45,0,9
111,66,0,8
97,50,15,0
59,48,25,5
84,57,14,7
91,45,36,2
47,52,11,17
90,43,0,5
65,62,9,0
101,45,22,1
59,56,11,2
71,80,17,11
63,56,21,7
78,53,15,5
83,61,20,1
89,55,20,3
89,62,37,14
113,27,24,5
107,29,17,8
49,70,26,7
134,37,13,6
100,59,18,11
81,43,19,5
55,45,24,6
52,38,32,7
77,48,17,6
73,65,25,0
63,43,25,8
63,17,15,2
54,24,17,4
100,18,0,3
74,53,24,0
76,46,32,11
104,29,38,9
55,64,23,11
74,47,21,5
118,49,22,4
16,38,0,7
94,82,0,6
71,61,40,6
81,64,22,9
108,50,11,4
86,58,23,14
92,45,18,10
58,48,14,10
108,50,14,13
33,49,7,0
107,13,19,0
80,43,32,8
34,52,12,0
89,50,5,0
94,45,20,6
74,37,7,0
61,58,2,2
90,50,0,7
68,25,29,0
66,76,14,5
67,64,4,8
42,43,5,12
62,32,30,12
86,73,17,1
94,43,18,7
101,67,3,15
77,12,9,5
0,56,13,6
56,51,9,0
69,55,2,22
79,49,21,7
31,63,13,6
78,45,13,0
67,39,26,2
41,51,28,4
95,28,6,6
79,69,13,12
76,35,11,2
77,58,24,0
71,33,15,0
62,46,5,2
95,64,32,7
95,30,11,0
79,45,23,4
84,63,28,0
88,57,8,1
84,31,21,10
56,60,9,5
68,48,16,0
112,56,13,3
58,54,9,4
100,43,21,4
46,55,15,6
68,68,10,5
73,56,4,2
80,55,3,5
104,51,31,5
88,14,23,0
57,10,3,1
100,64,0,0
55,86,12,10
67,96,22,8
87,36,2,5
122,15,9,14
94,25,0,0
52,64,26,0
76,51,17,4
53,52,22,5
58,79,11,5
43,49,20,0
50,30,28,6
33,42,25,8
66,47,9,1
81,28,29,2
57,44,18,4
78,18,24,11
42,41,32,5
92,52,10,14
49,79,24,12
21,21,13,9
43,50,5,14
129,49,21,6
77,30,15,4
52,22,10,0
74,22,5,7
94,58,12,2
88,52,13,8
69,41,0,8
56,23,0,0
97,71,23,0
135,45,18,5
104,65,15,7
56,46,20,8
106,41,9,6
57,49,11,0
119,15,5,5
57,85,10,11
58,55,25,0
120,63,36,8
34,55,11,6
74,49,1,4
113,42,19,11
88,48,16,11
86,55,15,8
54,62,7,7
87,67,24,15
73,65,29,0
89,32,31,6
69,72,0,6
68,44,21,17
114,26,0,1
99,75,0,19
62,45,24,9
95,38,26,20
100,28,29,0
97,70,18,8
86,41,23,0
53,25,26,14
97,40,7,10
88,61,19,4
124,55,12,4
98,39,18,10
73,42,18,9
30,45,35,8
59,76,15,4
45,51,21,6
107,87,16,0
88,22,27,10
101,38,0,4
74,68,14,6
55,61,7,11
84,54,10,7
70,29,10,0
87,37,19,0
68,48,1,2
69,47,0,11
107,46,19,6
85,73,29,8
46,40,14,7
56,68,18,13
63,52,20,0
56,68,0,5
50,60,22,0
85,45,0,9
63,47,17,8
70,46,10,9
66,41,4,0
95,40,19,0
72,70,1,13
109,41,22,1
104,69,12,9
98,49,10,0
95,54,17,11
115,47,23,13
75,41,25,14
65,35,5,5
106,48,30,2
35,24,17,4
121,52,8,0
69,64,9,5
30,41,8,0
82,71,17,4
114,55,32,5
106,25,20,9
74,45,15,6
108,63,0,4
90,71,6,9
91,60,9,5
60,51,9,2
81,61,41,7
72,58,2,1
64,61,8,5
107,65,14,10
73,24,21,0
75,68,4,8
60,58,22,8
58,46,15,11
60,60,17,6
108,63,7,5
54,39,18,9
46,85,16,5
111,61,3,8
59,35,10,1
101,39,21,6
60,36,23,1
46,57,21,2
74,49,22,0
58,44,17,4
65,47,21,8
58,45,36,13
101,52,11,9
48,41,25,5
64,56,23,0
124,25,28,8
65,50,26,5
117,43,10,2
88,44,0,4
91,40,16,0
92,58,14,9
84,31,12,0
68,30,26,13
56,48,23,2
107,36,5,7
45,62,17,8
72,54,7,4
73,57,0,12
64,46,23,10
69,17,24,6
42,81,1,0
63,51,0,4
81,57,29,10
35,52,3,8
85,56,26,8
115,59,29,2
73,55,6,8
80,55,23,0
91,67,3,3
42,43,17,11
99,30,7,0
72,48,12,0
59,31,17,3
59,79,4,7
76,28,8,3
85,40,2,8
75,50,27,4
90,58,9,5
64,59,11,6
110,65,0,3
160,79,0,6
47,46,5,4
88,53,10,3
105,79,19,12
48,34,12,9
43,56,13,5
26,30,12,1
103,51,0,7
75,53,31,3
115,47,18,0
84,63,32,7
58,47,24,0
79,42,22,12
66,43,16,3
88,24,18,1
89,43,3,8
75,70,34,0
132,63,27,4
58,42,4,11
86,61,0,5
95,58,19,3
76,60,29,0
78,73,17,3
78,38,18,3
68,41,13,6
134,70,8,3
20,58,30,0
94,51,34,8
103,45,20,0
87,64,33,0
66,36,25,4
56,50,24,1
116,40,23,0
92,43,13,0
113,64,34,5
109,47,19,3
66,44,3,3
123,70,23,7
99,29,24,2
45,49,16,4
83,80,11,7
139,53,17,3
103,77,24,2
64,53,30,6
51,51,26,0
102,43,4,5
103,47,9,1
75,54,0,2
91,51,32,11
71,39,7,10
63,51,18,8
62,31,11,18
70,73,26,5
106,57,13,9
75,40,0,7
72,46,11,4
79,54,7,0
100,50,6,0
77,23,18,9
85,40,16,1
55,26,9,11
108,87,20,6
74,52,10,5
110,66,9,1
57,46,21,3
78,34,0,2
66,83,19,6
63,60,17,15
41,44,19,7
85,59,12,0
51,78,6,5
39,35,6,10
20,30,34,3
117,42,8,2
44,62,5,8
85,52,3,2
155,49,16,5
105,66,16,3
50,82,4,2
96,32,22,5
41,57,15,0
80,37,13,7
70,54,10,2
102,67,15,3
8,39,7,0
77,53,20,10
85,52,29,5
98,72,12,0
51,37,14,6
139,39,25,10
100,59,17,0
48,41,2,1
92,72,0,5
97,55,21,6
47,42,5,0
91,67,18,0
116,64,31,1
87,51,18,0
57,69,24,12
133,36,0,11
107,27,27,13
34,41,23,5
82,66,28,5
88,61,14,3
66,46,16,4
60,41,6,5
60,72,28,16
106,44,19,6
58,52,17,17
81,24,12,6
89,44,13,6
100,48,27,0
0,72,31,12
81,40,21,8
64,35,13,0
75,58,21,4
71,62,19,8
113,58,27,2
148,42,7,0
76,45,12,5
63,60,21,5
78,46,12,13
71,70,17,13
112,57,0,3
89,66,26,12
90,38,10,3
80,44,5,5
107,76,16,10
18,57,22,0
51,74,25,0
81,42,13,4
93,44,22,13
88,66,25,4
30,55,0,1
48,89,12,0
103,62,16,8
54,52,28,8
80,56,5,1
31,69,10,9
41,73,18,2
76,53,22,16
27,51,25,5
76,42,33,7
36,62,12,1
53,43,13,0
97,35,2,10
48,39,15,9
93,30,27,0
106,41,25,0
67,53,30,10
57,40,10,0
90,55,17,13
62,52,0,2
104,45,25,3
107,36,5,7
94,63,42,7
68,53,30,4
98,40,22,2
114,74,17,10
103,45,15,9
48,48,16,1
83,77,14,0
81,42,11,9
100,32,27,8
89,42,27,2
74,51,10,0
79,67,18,0
85,61,6,4
119,23,0,4
90,48,25,0
48,61,5,5
93,33,14,2
58,35,0,7
115,31,36,5
82,48,20,7
31,30,16,5
116,60,9,7
69,64,17,4
90,54,15,0
62,52,27,3
44,53,21,7
81,43,25,3
61,81,21,3
92,71,10,1
66,52,0,6
61,34,0,3
34,52,21,1
75,88,25,5
64,56,3,3
62,42,22,0
39,37,10,0
35,42,1,4
12,63,3,6
26,47,18,5
77,31,13,15
30,48,29,8
42,33,12,5
99,45,29,15
59,56,23,3
100,59,14,3
82,47,18,8
90,54,11,14
81,53,0,2
65,70,19,5
53,43,15,10
67,59,5,0
81,36,18,6
76,72,13,9
94,31,13,8
86,65,9,3
63,68,9,1
65,38,19,12
84,30,25,8
103,69,23,0
28,31,2,2
38,46,23,9
74,73,24,3
78,62,12,0
77,58,0,13
23,72,14,1
55,45,35,3
88,74,6,7
93,53,11,9
93,63,0,10
92,74,16,0
100,58,5,3
47,67,23,4
93,20,8,6
104,60,12,7
58,39,19,0
40,36,20,12
28,31,0,2
29,46,14,5
86,56,13,1
57,48,0,5
98,44,9,7
79,30,18,0
65,56,17,0
55,31,12,7
92,48,0,9
45,36,11,9
54,47,11,0
96,46,22,9
80,71,25,5
82,64,22,10
97,76,12,9
50,34,21,4
56,73,5,8
63,59,18,3
46,45,15,3
94,44,16,9
50,41,13,6
90,48,26,2
65,49,32,2
106,70,20,0
94,25,30,15
77,55,9,1
105,36,0,14
60,63,12,12
104,38,22,7
64,42,14,7
84,52,16,7
94,33,21,3
42,48,5,5
41,51,7,0
84,60,18,6
56,59,29,0
70,28,11,8
121,52,0,0
89,64,15,10
93,58,14,3
83,61,17,10
74,27,13,2
67,15,16,0
88,15,15,1
118,53,32,0
87,23,16,16
73,43,35,1
82,54,13,4
87,38,12,0
134,39,29,4
56,66,11,5
80,50,9,6
101,52,19,7
68,67,0,6
13,67,21,0
74,38,36,9
96,38,5,3
114,61,28,3
75,31,34,7
107,51,12,14
68,23,13,4
137,82,0,7
76,41,19,6
117,46,10,3
67,65,0,1
66,48,0,7
20,45,14,16
44,57,12,6
64,57,4,0
82,54,12,0
17,58,0,4
98,70,12,1
57,26,8,6
98,54,20,4
80,66,11,8
55,46,24,1
87,63,6,11
70,36,30,12
66,55,9,5
87,50,20,6
67,70,10,0
112,52,2,10
56,42,25,5
24,14,0,10
81,72,13,1
100,80,12,3
80,32,21,12
84,41,16,0
66,31,15,16
128,50,8,0
102,69,16,3
65,60,24,9
66,81,21,5
111,36,18,5
96,70,19,7
41,23,38,0
104,62,16,15
93,39,11,2
72,53,38,0
101,61,19,12
108,30,12,0
35,40,6,6
99,66,4,0
55,59,20,4
107,33,13,12
77,46,19,8
25,56,17,7
36,30,4,9
84,38,11,8
59,68,13,11
67,77,7,9
41,63,7,5
113,11,12,10
69,88,29,0
59,79,15,9
90,55,37,3
68,60,5,14
66,47,7,0
34,39,0,13
57,51,9,4
60,20,0,8
47,61,0,2
86,43,23,0
55,27,8,0
58,10,14,6
29,44,26,6
69,41,31,12
97,65,7,5
75,62,0,0
46,58,12,0
66,22,6,6
36,61,17,11
58,61,14,4
65,56,17,0
106,55,23,2
65,44,0,7
39,41,27,7
72,33,16,12
85,68,9,10
49,33,8,0
76,27,42,7
77,59,5,5
13,38,7,0
53,60,1,6
58,19,21,10
89,51,7,7
73,76,15,3
90,25,18,3
57,47,36,17
71,44,6,4
84,74,8,19
103,33,17,7
76,72,25,9
110,46,20,11
73,86,2,5
87,47,18,3
53,41,33,6
79,54,28,5
73,47,0,19
85,44,16,1
67,43,30,0
76,35,12,7
93,70,0,10
65,56,18,2
107,51,20,15
56,48,14,6
61,64,24,8
77,50,29,6
75,87,26,4
122,53,24,13
87,38,26,7
87,61,14,2
84,45,14,14
119,42,29,4
74,44,15,0
45,44,3,0
80,53,7,0
79,80,6,2
59,63,19,1
81,73,9,1
79,61,22,3
57,30,7,1
71,70,10,0
59,38,26,8
53,33,26,3
110,77,16,5
53,19,13,9
109,53,16,6
101,49,20,4
16,77,8,14
84,30,22,6
67,47,15,0
88,42,11,9
80,40,9,1
107,45,11,5
67,57,19,13
81,45,24,11
100,71,10,12
41,58,12,10
70,20,19,5
88,55,16,6
61,50,29,9
116,58,17,4
79,57,16,7
60,44,28,0
101,30,25,7
49,37,8,0
80,42,15,0
57,66,11,0
37,52,14,10
78,31,28,2
70,65,28,5
63,62,23,0
71,79,11,0
89,85,3,8
123,35,1,2
118,47,16,4
106,47,18,9
58,59,8,10
114,35,7,2
33,49,20,12
90,54,10,1
92,32,26,7
106,48,1,5
96,65,32,0
100,37,7,2
94,63,4,4
89,53,0,1
57,58,19,7
43,28,0,8
59,72,0,12
38,72,31,7
52,62,4,0
96,51,18,4
85,70,13,2
99,45,22,7
46,53,18,8
98,24,14,3
79,68,21,1
56,52,19,8
91,52,0,10
121,40,16,0
49,58,25,1
80,41,23,0
15,23,15,2
77,80,19,9
94,56,28,2
52,50,9,5
85,33,29,8
77,49,6,0
49,71,9,0
62,59,0,6
62,55,19,10
51,59,34,11
62,59,15,0
69,56,21,12
81,62,41,0
67,41,26,16
56,24,29,14
95,42,22,0
84,45,12,10
82,51,22,6
23,41,12,7
106,68,13,0
77,51,0,4
76,62,7,9
44,36,17,8
76,43,13,3
71,37,3,2
55,25,17,12
53,74,17,0
70,68,8,5
82,68,3,0
104,61,23,11
87,53,13,4
87,50,18,10
75,55,18,0
95,54,30,13
69,67,12,3
83,47,10,4
77,53,7,6
43,70,18,7
83,24,14,13
71,49,6,4
88,25,4,4
66,81,21,5
67,77,30,3
76,43,15,0
79,43,24,7
57,66,40,9
96,48,25,4
115,60,22,10
55,26,15,12
89,79,9,7
74,40,24,10
59,22,16,3
55,47,6,3
82,34,0,5
88,30,19,13
34,53,31,9
67,43,17,0
69,38,14,2
27,38,34,1
79,30,3,0
27,53,0,3
62,27,22,6
38,50,5,5
92,58,0,3
86,46,35,0
118,18,17,9
25,56,15,3
88,45,16,0
58,62,13,4
56,70,21,2
88,34,25,12
104,56,12,2
62,38,12,12
108,56,7,0
71,26,16,0
88,62,6,2
77,39,14,10
118,44,10,7
63,36,2,9
91,52,33,9
157,58,14,5
65,46,25,10
96,57,1,11
95,55,10,4
69,45,7,8
129,35,0,8
85,72,1,11
65,46,15,8
60,64,33,3
50,16,26,2
49,58,24,3
87,55,21,10
35,35,0,9
28,29,9,7
124,37,39,9
74,45,3,7
116,51,14,0
77,63,0,0
58,68,15,5
105,52,0,1
69,64,0,3
83,41,14,0
22,22,20,7
56,48,15,7
104,65,14,7
16,46,14,7
113,43,5,15
73,53,13,10
59,67,0,10
89,63,18,0
72,40,4,10
87,53,30,0
103,31,13,2
49,65,10,0
43,58,19,1
84,47,14,5
94,66,27,9
51,71,11,0
105,52,21,8
78,59,13,0
18,65,13,0
79,54,11,0
88,38,8,8
64,48,19,4
75,41,12,4
69,48,33,0
72,45,7,0
60,32,21,10
94,64,0,12
67,39,0,15
57,45,24,2
77,53,14,9
60,49,25,2
91,50,18,0
25,61,0,12
60,25,13,0
119,63,17,8
45,29,1,0
91,30,16,6
65,42,4,6
65,53,24,6
104,63,14,5
103,60,29,13
52,55,6,6
46,41,11,2
80,53,12,3
87,53,33,4
70,27,20,1
95,27,9,12
33,69,19,11
125,64,3,8
74,49,27,4
82,71,20,1
83,56,6,5
48,26,4,5
65,37,14,0
73,56,27,0
46,29,12,2
68,47,19,0
136,30,2,0
49,51,7,3
68,53,7,2
88,49,4,12
104,25,7,0
23,34,20,7
86,66,0,3
118,68,20,1
41,33,11,16
75,44,0,6
124,51,19,6
89,52,21,0
93,36,10,16
66,71,12,1
54,36,17,0
72,36,22,6
114,45,18,3
82,53,14,3
92,61,10,12
105,31,6,8
29,49,33,1
73,53,21,0
55,47,22,5
33,16,16,7
45,32,0,10
134,44,21,3
94,41,9,4
135,44,14,5
35,65,17,4
48,67,8,13
90,64,11,0
95,58,13,0
125,76,25,5
43,56,24,5
89,50,3,5
39,26,15,9
84,74,34,0
43,47,0,2
100,38,21,0
83,34,0,7
94,70,0,9
64,38,10,12
96,44,1,3
44,62,20,8
67,12,9,2
71,48,24,1
54,52,6,9
49,44,15,10
93,54,1,3
67,42,16,8
78,55,4,13
78,58,22,4
60,43,2,11
78,33,7,11
55,62,0,9
1,27,22,0
71,28,21,9
65,62,10,4
41,27,12,0
48,47,19,11
13,52,7,12
86,23,11,7
66,72,3,0
50,38,7,11
122,57,25,12
69,43,25,13
103,40,10,2
43,61,14,4
85,37,14,9
86,53,17,14
83,46,14,6
53,53,26,4
73,42,22,1
98,73,20,4
96,66,22,6
106,56,21,0
59,81,19,10
69,67,28,10
111,58,11,14
75,47,13,2
98,53,19,7
50,54,16,0
62,87,21,0
24,33,12,3
71,47,19,2
33,54,21,6
65,60,20,6
92,63,13,3
54,53,27,8
72,57,25,4
61,46,17,2
48,60,18,7
53,56,18,1
60,56,9,8
84,53,16,13
49,51,17,0
66,86,19,7
93,83,1,9
65,58,5,4
49,23,16,7
93,49,0,4
56,66,13,4
56,27,34,2
42,31,34,4
121,41,25,2
74,62,17,7
31,47,6,7
57,66,12,3
79,60,34,2
75,44,34,0
57,58,8,5
103,25,19,11
93,54,42,5
85,40,36,4
80,67,16,6
44,45,10,0
33,38,20,7
90,40,31,0
35,15,5,2
103,65,25,0
93,34,9,9
119,50,6,3
61,49,12,0
53,54,9,15
46,64,15,4
119,50,33,2
63,39,7,2
64,48,26,2
96,55,13,5
39,42,4,3
50,52,1,9
44,75,36,9
70,81,0,5
108,42,3,7
80,29,14,9
105,69,38,0
83,53,16,1
83,32,33,11
102,73,28,9
87,46,23,5
110,51,7,15
104,22,23,5
84,55,7,18
109,51,21,9
79,14,20,5
66,50,17,0
80,61,5,6
77,73,22,10
84,63,0,4
78,61,20,3
111,25,10,5
78,47,11,1
111,43,11,8
103,60,2,0
102,48,28,6
43,45,20,7
83,21,29,9
80,58,15,9
59,44,6,6
43,63,12,0
74,43,17,5
67,62,10,2
91,45,17,0
67,33,9,8
65,74,24,8
74,57,0,4
75,49,16,1
66,61,13,1
88,68,4,0
47,23,27,2
79,53,34,0
79,59,17,0
102,77,3,7
146,66,13,7
49,64,2,0
116,33,6,5
39,56,10,0
133,31,19,0
92,72,8,0
107,55,17,2
107,43,16,0
65,56,15,8
112,55,4,12
102,40,5,0
25,70,18,12
56,44,14,11
78,64,18,5
88,55,3,7
85,81,6,18
80,34,31,1
43,44,14,7
47,64,18,0
91,69,11,4
89,34,27,7
55,84,5,8
63,63,13,7
101,63,0,6
42,42,0,14
45,23,18,1
113,38,2,10
108,69,15,7
105,41,8,14
98,39,15,6
60,47,8,2
37,35,8,9
71,48,28,2
74,44,23,12
79,53,18,15
50,44,22,10
43,51,7,7
44,65,9,1
36,61,22,8
60,40,20,10
103,45,26,7
66,56,15,8
84,45,0,3
82,81,12,4
90,35,6,1
9,12,12,3
52,35,11,0
116,22,24,0
68,51,22,10
11,36,14,3
88,48,12,2
52,68,24,7
0,22,0,8
129,86,18,4
68,43,0,3
105,52,9,1
23,27,17,1
85,45,13,11
69,42,26,8
105,49,30,4
43,21,18,7
58,38,15,3
153,77,7,2
119,45,24,14
92,50,23,12
74,41,7,3
73,70,29,13
89,44,18,8
47,51,14,3
91,64,10,1
82,42,3,2
75,42,16,0
113,56,0,13
87,41,31,7
63,51,11,1
74,61,2,2
93,40,21,1
83,53,13,2
114,49,22,4
60,28,9,0
84,61,15,9
82,42,14,6
101,55,32,0
88,84,23,6
95,57,29,6
100,26,31,2
67,57,20,1
125,59,22,12
0,67,8,11
103,33,15,8
47,41,10,2
87,54,11,11
83,47,14,13
29,61,12,4
76,75,27,0
73,43,5,4
86,53,37,7
116,34,28,0
116,68,19,6
0,76,20,1
56,68,17,6
62,73,16,3
53,63,20,0
64,41,15,4
63,44,11,8
96,77,31,4
86,51,20,2
